Subclass,Superorder,species,30488,30265,30281,30375,30381,30447,30456,30496,30282,30382,30448,30457,30497
Elasmobranchii,Batoidea,Amblyraja georgiana,1,0,0,0,0,0,0,0,1,1,1,1,1
Elasmobranchii,Batoidea,Sympterygia acuta,1,0,0,0,0,0,0,0,1,1,1,1,1
Elasmobranchii,Batoidea,Bathyraja brachyurops,1,0,0,0,0,0,0,0,1,1,1,1,1
Elasmobranchii,Batoidea,Bathyraja eatonii,1,0,0,0,0,0,0,0,1,1,1,1,1
Elasmobranchii,Batoidea,Atlantoraja cyclophora,1,0,0,0,0,0,0,0,1,1,1,1,1
Elasmobranchii,Batoidea,Bathyraja macloviana,1,0,0,0,0,0,0,0,1,1,1,1,1
Elasmobranchii,Batoidea,Rioraja agassizii,1,0,0,0,0,0,0,0,1,1,1,1,1
Elasmobranchii,Batoidea,Sympterygia bonapartii,1,0,0,0,0,0,0,0,1,1,1,1,1
Elasmobranchii,Batoidea,Atlantoraja castelnaui,1,0,0,0,0,0,0,0,1,1,1,1,1
Elasmobranchii,Batoidea,Zearaja chilensis,1,0,0,0,0,0,0,0,1,1,1,1,1
Elasmobranchii,Batoidea,Bathyraja irrasa,1,0,0,0,0,0,0,0,1,1,1,1,1
Elasmobranchii,Batoidea,Bathyraja murrayi,1,0,0,0,0,0,0,0,1,1,1,1,1
Elasmobranchii,Batoidea,Amblyraja taaf,1,0,0,0,0,0,0,0,1,1,1,1,1
Elasmobranchii,Batoidea,Pseudobatos percellens,1,0,0,0,0,0,0,0,1,1,1,1,1
Elasmobranchii,Batoidea,Gymnura marmorata,1,0,0,0,0,0,0,0,1,1,1,1,1
Elasmobranchii,Batoidea,Hypanus longus,1,0,0,0,0,0,0,0,1,1,1,1,1
Elasmobranchii,Batoidea,Amblyraja hyperborea,1,0,0,0,0,0,0,0,1,1,1,1,1
Elasmobranchii,Batoidea,Raja brachyura,1,0,0,0,0,0,0,0,1,1,1,1,1
Elasmobranchii,Batoidea,Notoraja azurea,1,0,0,0,0,0,0,0,1,1,1,1,1
Elasmobranchii,Batoidea,Myliobatis aquila,1,0,0,0,0,0,0,0,1,1,1,1,1
Elasmobranchii,Batoidea,Dasyatis pastinaca,1,0,0,0,0,0,0,0,1,1,1,1,1
Elasmobranchii,Batoidea,Dipturus oxyrinchus,1,0,0,0,0,0,0,0,1,1,1,1,1
Elasmobranchii,Batoidea,Raja asterias,1,0,0,0,0,0,0,0,1,1,1,1,1
Elasmobranchii,Batoidea,Pteroplatytrygon violacea,1,0,0,0,0,0,0,0,1,1,1,1,1
Elasmobranchii,Batoidea,Leucoraja circularis,1,0,0,0,0,0,0,0,1,1,1,1,1
Elasmobranchii,Batoidea,Leucoraja fullonica,1,0,0,0,0,0,0,0,1,1,1,1,1
Elasmobranchii,Batoidea,Raja microocellata,1,0,0,0,0,0,0,0,1,1,1,1,1
Elasmobranchii,Batoidea,Raja montagui,1,0,0,0,0,0,0,0,1,1,1,1,1
Elasmobranchii,Batoidea,Raja clavata,1,0,0,0,0,0,0,0,1,1,1,1,1
Elasmobranchii,Batoidea,Raja undulata,1,0,0,0,0,0,0,0,1,1,1,1,1
Elasmobranchii,Batoidea,Rostroraja alba,1,0,0,0,0,0,0,0,1,1,1,1,1
Elasmobranchii,Batoidea,Raja miraletus,1,0,0,0,0,0,0,0,1,1,1,1,1
Elasmobranchii,Batoidea,Bathyraja maccaini,1,0,0,0,0,0,0,0,1,1,1,1,1
Elasmobranchii,Batoidea,Hypanus americanus,1,0,0,0,0,0,0,0,1,1,1,1,1
Elasmobranchii,Batoidea,Dipturus nasutus,1,0,0,0,0,0,0,0,1,1,1,1,1
Elasmobranchii,Batoidea,Dipturus innominatus,1,0,0,0,0,0,0,0,1,1,1,1,1
Elasmobranchii,Batoidea,Rhinoptera steindachneri,1,0,0,0,0,0,0,0,1,1,1,1,1
Elasmobranchii,Batoidea,Pseudobatos planiceps,1,0,0,0,0,0,0,0,1,1,1,1,1
Elasmobranchii,Batoidea,Gymnura altavela,1,0,0,0,0,0,0,0,1,1,1,1,1
Elasmobranchii,Batoidea,Rhinobatos rhinobatos,1,0,0,0,0,0,0,0,1,1,1,1,1
Elasmobranchii,Batoidea,Raja maderensis,1,0,0,0,0,0,0,0,1,1,1,1,1
Elasmobranchii,Batoidea,Bathytoshia centroura,1,0,0,0,0,0,0,0,1,1,1,1,1
Elasmobranchii,Batoidea,Beringraja binoculata,1,0,0,0,0,0,0,0,1,1,1,1,1
Elasmobranchii,Batoidea,Rhinoptera bonasus,1,0,0,0,0,0,0,0,1,1,1,1,1
Elasmobranchii,Batoidea,Leucoraja erinacea,1,0,0,0,0,0,0,0,1,1,1,1,1
Elasmobranchii,Batoidea,Myliobatis goodei,1,0,0,0,0,0,0,0,1,1,1,1,1
Elasmobranchii,Batoidea,Anoxypristis cuspidata,1,0,0,0,0,0,0,0,1,1,1,1,1
Elasmobranchii,Batoidea,Aptychotrema rostrata,1,0,0,0,0,0,0,0,1,1,1,1,1
Elasmobranchii,Batoidea,Dasyatis thetidis,1,0,0,0,0,0,0,0,1,1,1,1,1
Elasmobranchii,Batoidea,Dentiraja cerva,1,0,0,0,0,0,0,0,1,1,1,1,1
Elasmobranchii,Batoidea,Gymnura australis,1,0,0,0,0,0,0,0,1,1,1,1,1
Elasmobranchii,Batoidea,Mobula birostris,1,0,0,0,0,0,0,0,1,1,1,1,1
Elasmobranchii,Batoidea,Neotrygon kuhlii,1,0,0,0,0,0,0,0,1,1,1,1,1
Elasmobranchii,Batoidea,Pateobatis fai,1,0,0,0,0,0,0,0,1,1,1,1,1
Elasmobranchii,Batoidea,Pristis pristis,1,0,0,0,0,0,0,0,1,1,1,1,1
Elasmobranchii,Batoidea,Pristis zijsron,1,0,0,0,0,0,0,0,1,1,1,1,1
Elasmobranchii,Batoidea,Rhynchobatus australiae,1,0,0,0,0,0,0,0,1,1,1,1,1
Elasmobranchii,Batoidea,Trygonorrhina fasciata,1,0,0,0,0,0,0,0,1,1,1,1,1
Elasmobranchii,Batoidea,Urolophus bucculentus,1,0,0,0,0,0,0,0,1,1,1,1,1
Elasmobranchii,Batoidea,Urolophus expansus,1,0,0,0,0,0,0,0,1,1,1,1,1
Elasmobranchii,Batoidea,Urolophus paucimaculatus,1,0,0,0,0,0,0,0,1,1,1,1,1
Elasmobranchii,Batoidea,Brevitrygon walga,1,0,0,0,0,0,0,0,1,1,1,1,1
Elasmobranchii,Batoidea,Glaucostegus granulatus,1,0,0,0,0,0,0,0,1,1,1,1,1
Elasmobranchii,Batoidea,Glaucostegus thouin,1,0,0,0,0,0,0,0,1,1,1,1,1
Elasmobranchii,Batoidea,Glaucostegus typus,1,0,0,0,0,0,0,0,1,1,1,1,1
Elasmobranchii,Batoidea,Gymnura poecilura,1,0,0,0,0,0,0,0,1,1,1,1,1
Elasmobranchii,Batoidea,Himantura uarnak,1,0,0,0,0,0,0,0,1,1,1,1,1
Elasmobranchii,Batoidea,Maculabatis gerrardi,1,0,0,0,0,0,0,0,1,1,1,1,1
Elasmobranchii,Batoidea,Mobula japanica,1,0,0,0,0,0,0,0,1,1,1,1,1
Elasmobranchii,Batoidea,Pateobatis bleekeri,1,0,0,0,0,0,0,0,1,1,1,1,1
Elasmobranchii,Batoidea,Rhina ancylostoma,1,0,0,0,0,0,0,0,1,1,1,1,1
Elasmobranchii,Batoidea,Rhinobatos lionotus,1,0,0,0,0,0,0,0,1,1,1,1,1
Elasmobranchii,Batoidea,Rhynchobatus djiddensis,1,0,0,0,0,0,0,0,1,1,1,1,1
Elasmobranchii,Batoidea,Telatrygon zugei,1,0,0,0,0,0,0,0,1,1,1,1,1
Elasmobranchii,Batoidea,Hypanus guttatus,1,0,0,0,0,0,0,0,1,1,1,1,1
Elasmobranchii,Batoidea,Mobula hypostoma,1,0,0,0,0,0,0,0,1,1,1,1,1
Elasmobranchii,Batoidea,Narcine brasiliensis,1,0,0,0,0,0,0,0,1,1,1,1,1
Elasmobranchii,Batoidea,Pseudobatos lentiginosus,1,0,0,0,0,0,0,0,1,1,1,1,1
Elasmobranchii,Batoidea,Aetobatus narinari,1,0,0,0,0,0,0,0,1,1,1,1,1
Elasmobranchii,Batoidea,Gymnura micrura,1,0,0,0,0,0,0,0,1,1,1,1,1
Elasmobranchii,Batoidea,Mobula rochebrunei,1,0,0,0,0,0,0,0,1,1,1,1,1
Elasmobranchii,Batoidea,Mobula tarapacana,1,0,0,0,0,0,0,0,1,1,1,1,1
Elasmobranchii,Batoidea,Mobula thurstoni,1,0,0,0,0,0,0,0,1,1,1,1,1
Elasmobranchii,Batoidea,Myliobatis freminvillei,1,0,0,0,0,0,0,0,1,1,1,1,1
Elasmobranchii,Batoidea,Pristis pectinata,1,0,0,0,0,0,0,0,1,1,1,1,1
Elasmobranchii,Batoidea,Pseudobatos horkelii,1,0,0,0,0,0,0,0,1,1,1,1,1
Elasmobranchii,Batoidea,Rhinoptera brasiliensis,1,0,0,0,0,0,0,0,1,1,1,1,1
Elasmobranchii,Batoidea,Zapteryx brevirostris,1,0,0,0,0,0,0,0,1,1,1,1,1
Elasmobranchii,Batoidea,Amblyraja radiata,1,0,0,0,0,0,0,0,1,1,1,1,1
Elasmobranchii,Batoidea,Beringraja rhina,1,0,0,0,0,0,0,0,1,1,1,1,1
Elasmobranchii,Batoidea,Dipturus laevis,1,0,0,0,0,0,0,0,1,1,1,1,1
Elasmobranchii,Batoidea,Aetobatus flagellum,1,0,0,0,0,0,0,0,1,1,1,1,1
Elasmobranchii,Batoidea,Aetomylaeus maculatus,1,0,0,0,0,0,0,0,1,1,1,1,1
Elasmobranchii,Batoidea,Aetomylaeus nichofii,1,0,0,0,0,0,0,0,1,1,1,1,1
Elasmobranchii,Batoidea,Aetomylaeus vespertilio,1,0,0,0,0,0,0,0,1,1,1,1,1
Elasmobranchii,Batoidea,Gymnura zonura,1,0,0,0,0,0,0,0,1,1,1,1,1
Elasmobranchii,Batoidea,Hemitrygon akajei,1,0,0,0,0,0,0,0,1,1,1,1,1
Elasmobranchii,Batoidea,Myliobatis tobijei,1,0,0,0,0,0,0,0,1,1,1,1,1
Elasmobranchii,Batoidea,Plesiobatis daviesi,1,0,0,0,0,0,0,0,1,1,1,1,1
Elasmobranchii,Batoidea,Rhinoptera javanica,1,0,0,0,0,0,0,0,1,1,1,1,1
Elasmobranchii,Batoidea,Urogymnus asperrimus,1,0,0,0,0,0,0,0,1,1,1,1,1
Elasmobranchii,Batoidea,Narke dipterygia,1,0,0,0,0,0,0,0,1,1,1,1,1
Elasmobranchii,Batoidea,Narke japonica,1,0,0,0,0,0,0,0,1,1,1,1,1
Elasmobranchii,Batoidea,Okamejei kenojei,1,0,0,0,0,0,0,0,1,1,1,1,1
Elasmobranchii,Batoidea,Rhinobatos hynnicephalus,1,0,0,0,0,0,0,0,1,1,1,1,1
Elasmobranchii,Batoidea,Rhinobatos schlegelii,1,0,0,0,0,0,0,0,1,1,1,1,1
Elasmobranchii,Batoidea,Urobatis halleri,1,0,0,0,0,0,0,0,1,1,1,1,1
Elasmobranchii,Batoidea,Zapteryx exasperata,1,0,0,0,0,0,0,0,1,1,1,1,1
Elasmobranchii,Batoidea,Myliobatis longirostris,1,0,0,0,0,0,0,0,1,1,1,1,1
Elasmobranchii,Batoidea,Dipturus batis,1,0,0,0,0,0,0,0,1,1,1,1,1
Elasmobranchii,Batoidea,Leucoraja naevus,1,0,0,0,0,0,0,0,1,1,1,1,1
Elasmobranchii,Batoidea,Brevitrygon imbricata,1,0,0,0,0,0,0,0,1,1,1,1,1
Elasmobranchii,Batoidea,Himantura marginata,1,0,0,0,0,0,0,0,1,1,1,1,1
Elasmobranchii,Batoidea,Himantura undulata,1,0,0,0,0,0,0,0,1,1,1,1,1
Elasmobranchii,Batoidea,Mobula kuhlii,1,0,0,0,0,0,0,0,1,1,1,1,1
Elasmobranchii,Batoidea,Pastinachus sephen,1,0,0,0,0,0,0,0,1,1,1,1,1
Elasmobranchii,Batoidea,Pateobatis jenkinsii,1,0,0,0,0,0,0,0,1,1,1,1,1
Elasmobranchii,Batoidea,Rhinoptera adspersa,1,0,0,0,0,0,0,0,1,1,1,1,1
Elasmobranchii,Batoidea,Taeniura lymma,1,0,0,0,0,0,0,0,1,1,1,1,1
Elasmobranchii,Batoidea,Taeniurops meyeni,1,0,0,0,0,0,0,0,1,1,1,1,1
Elasmobranchii,Batoidea,Urogymnus granulatus,1,0,0,0,0,0,0,0,1,1,1,1,1
Elasmobranchii,Batoidea,Urogymnus polylepis,1,0,0,0,0,0,0,0,1,1,1,1,1
Elasmobranchii,Batoidea,Zanobatus schoenleinii,1,0,0,0,0,0,0,0,1,1,1,1,1
Elasmobranchii,Batoidea,Aetomylaeus bovinus,1,0,0,0,0,0,0,0,1,1,1,1,1
Elasmobranchii,Batoidea,Glaucostegus cemiculus,1,0,0,0,0,0,0,0,1,1,1,1,1
Elasmobranchii,Batoidea,Raja radula,1,0,0,0,0,0,0,0,1,1,1,1,1
Elasmobranchii,Batoidea,Rhinoptera marginata,1,0,0,0,0,0,0,0,1,1,1,1,1
Elasmobranchii,Batoidea,Fluvitrygon signifer,1,0,0,0,0,0,0,0,1,1,1,1,1
Elasmobranchii,Batoidea,Hemitrygon fluviorum,1,0,0,0,0,0,0,0,1,1,1,1,1
Elasmobranchii,Batoidea,Pseudobatos productus,1,0,0,0,0,0,0,0,1,1,1,1,1
Elasmobranchii,Batoidea,Myliobatis tenuicaudatus,1,0,0,0,0,0,0,0,1,1,1,1,1
Elasmobranchii,Batoidea,Dipturus doutrei,1,0,0,0,0,0,0,0,1,1,1,1,1
Elasmobranchii,Batoidea,Fontitrygon margarita,1,0,0,0,0,0,0,0,1,1,1,1,1
Elasmobranchii,Batoidea,Raja straeleni,1,0,0,0,0,0,0,0,1,1,1,1,1
Elasmobranchii,Batoidea,Rhinobatos albomaculatus,1,0,0,0,0,0,0,0,1,1,1,1,1
Elasmobranchii,Batoidea,Rhynchobatus luebberti,1,0,0,0,0,0,0,0,1,1,1,1,1
Elasmobranchii,Batoidea,Gymnura crebripunctata,1,0,0,0,0,0,0,0,1,1,1,1,1
Elasmobranchii,Batoidea,Potamotrygon motoro,1,0,0,0,0,0,0,0,1,1,1,1,1
Elasmobranchii,Batoidea,Rajella leoparda,1,0,0,0,0,0,0,0,1,1,1,1,1
Elasmobranchii,Batoidea,Acroteriobatus annulatus,1,0,0,0,0,0,0,0,1,1,1,1,1
Elasmobranchii,Batoidea,Acroteriobatus leucospilus,1,0,0,0,0,0,0,0,1,1,1,1,1
Elasmobranchii,Batoidea,Hemitrygon laosensis,1,0,0,0,0,0,0,0,1,1,1,1,1
Elasmobranchii,Batoidea,Beringraja inornata,1,0,0,0,0,0,0,0,1,1,1,1,1
Elasmobranchii,Batoidea,Dipturus teevani,1,0,0,0,0,0,0,0,1,1,1,1,1
Elasmobranchii,Batoidea,Leucoraja garmani,1,0,0,0,0,0,0,0,1,1,1,1,1
Elasmobranchii,Batoidea,Potamotrygon brachyura,1,0,0,0,0,0,0,0,1,1,1,1,1
Elasmobranchii,Galeomorphii,Carcharhinus brachyurus,1,1,1,1,1,1,1,1,0,0,0,0,0
Elasmobranchii,Galeomorphii,Carcharias taurus,1,1,1,1,1,1,1,1,0,0,0,0,0
Elasmobranchii,Galeomorphii,Galeorhinus galeus,1,1,1,1,1,1,1,1,0,0,0,0,0
Elasmobranchii,Galeomorphii,Mustelus antarcticus,1,1,1,1,1,1,1,1,0,0,0,0,0
Elasmobranchii,Galeomorphii,Prionace glauca,1,1,1,1,1,1,1,1,0,0,0,0,0
Elasmobranchii,Galeomorphii,Carcharhinus longimanus,1,1,1,1,1,1,1,1,0,0,0,0,0
Elasmobranchii,Galeomorphii,Carcharhinus falciformis,1,1,1,1,1,1,1,1,0,0,0,0,0
Elasmobranchii,Galeomorphii,Galeocerdo cuvier,1,1,1,1,1,1,1,1,0,0,0,0,0
Elasmobranchii,Galeomorphii,Cetorhinus maximus,1,1,1,1,1,1,1,1,0,0,0,0,0
Elasmobranchii,Galeomorphii,Galeus melastomus,1,1,1,1,1,1,1,1,0,0,0,0,0
Elasmobranchii,Galeomorphii,Galeus murinus,1,1,1,1,1,1,1,1,0,0,0,0,0
Elasmobranchii,Galeomorphii,Scyliorhinus canicula,1,1,1,1,1,1,1,1,0,0,0,0,0
Elasmobranchii,Galeomorphii,Carcharhinus acronotus,1,1,1,1,1,1,1,1,0,0,0,0,0
Elasmobranchii,Galeomorphii,Ginglymostoma cirratum,1,1,1,1,1,1,1,1,0,0,0,0,0
Elasmobranchii,Galeomorphii,Cephaloscyllium laticeps,1,1,1,1,1,1,1,1,0,0,0,0,0
Elasmobranchii,Galeomorphii,Carcharodon carcharias,1,1,1,1,1,1,1,1,0,0,0,0,0
Elasmobranchii,Galeomorphii,Carcharhinus limbatus,1,1,1,1,1,1,1,1,0,0,0,0,0
Elasmobranchii,Galeomorphii,Pseudocarcharias kamoharai,1,1,1,1,1,1,1,1,0,0,0,0,0
Elasmobranchii,Galeomorphii,Carcharhinus sorrah,1,1,1,1,1,1,1,1,0,0,0,0,0
Elasmobranchii,Galeomorphii,Hemitriakis japanica,1,1,1,1,1,1,1,1,0,0,0,0,0
Elasmobranchii,Galeomorphii,Carcharhinus leucas,1,1,1,1,1,1,1,1,0,0,0,0,0
Elasmobranchii,Galeomorphii,Carcharhinus obscurus,1,1,1,1,1,1,1,1,0,0,0,0,0
Elasmobranchii,Galeomorphii,Carcharhinus isodon,1,1,1,1,1,1,1,1,0,0,0,0,0
Elasmobranchii,Galeomorphii,Negaprion brevirostris,1,1,1,1,1,1,1,1,0,0,0,0,0
Elasmobranchii,Galeomorphii,Triakis semifasciata,1,1,1,1,1,1,1,1,0,0,0,0,0
Elasmobranchii,Galeomorphii,Carcharhinus plumbeus,1,1,1,1,1,1,1,1,0,0,0,0,0
Elasmobranchii,Galeomorphii,Carcharhinus brevipinna,1,1,1,1,1,1,1,1,0,0,0,0,0
Elasmobranchii,Galeomorphii,Lamna nasus,1,1,1,1,1,1,1,1,0,0,0,0,0
Elasmobranchii,Galeomorphii,Mustelus schmitti,1,1,1,1,1,1,1,1,0,0,0,0,0
Elasmobranchii,Galeomorphii,Alopias superciliosus,1,1,1,1,1,1,1,1,0,0,0,0,0
Elasmobranchii,Galeomorphii,Alopias vulpinus,1,1,1,1,1,1,1,1,0,0,0,0,0
Elasmobranchii,Galeomorphii,Carcharhinus albimarginatus,1,1,1,1,1,1,1,1,0,0,0,0,0
Elasmobranchii,Galeomorphii,Carcharhinus altimus,1,1,1,1,1,1,1,1,0,0,0,0,0
Elasmobranchii,Galeomorphii,Carcharhinus amblyrhynchoides,1,1,1,1,1,1,1,1,0,0,0,0,0
Elasmobranchii,Galeomorphii,Carcharhinus amblyrhynchos,1,1,1,1,1,1,1,1,0,0,0,0,0
Elasmobranchii,Galeomorphii,Carcharhinus amboinensis,1,1,1,1,1,1,1,1,0,0,0,0,0
Elasmobranchii,Galeomorphii,Carcharhinus cautus,1,1,1,1,1,1,1,1,0,0,0,0,0
Elasmobranchii,Galeomorphii,Carcharhinus dussumieri,1,1,1,1,1,1,1,1,0,0,0,0,0
Elasmobranchii,Galeomorphii,Carcharhinus macloti,1,1,1,1,1,1,1,1,0,0,0,0,0
Elasmobranchii,Galeomorphii,Carcharhinus melanopterus,1,1,1,1,1,1,1,1,0,0,0,0,0
Elasmobranchii,Galeomorphii,Carcharhinus tilstoni,1,1,1,1,1,1,1,1,0,0,0,0,0
Elasmobranchii,Galeomorphii,Cephaloscyllium fasciatum,1,1,1,1,1,1,1,1,0,0,0,0,0
Elasmobranchii,Galeomorphii,Chiloscyllium punctatum,1,1,1,1,1,1,1,1,0,0,0,0,0
Elasmobranchii,Galeomorphii,Eusphyra blochii,1,1,1,1,1,1,1,1,0,0,0,0,0
Elasmobranchii,Galeomorphii,Figaro boardmani,1,1,1,1,1,1,1,1,0,0,0,0,0
Elasmobranchii,Galeomorphii,Furgaleus macki,1,1,1,1,1,1,1,1,0,0,0,0,0
Elasmobranchii,Galeomorphii,Hemigaleus microstoma,1,1,1,1,1,1,1,1,0,0,0,0,0
Elasmobranchii,Galeomorphii,Hemipristis elongata,1,1,1,1,1,1,1,1,0,0,0,0,0
Elasmobranchii,Galeomorphii,Heterodontus galeatus,1,1,1,1,1,1,1,1,0,0,0,0,0
Elasmobranchii,Galeomorphii,Heterodontus portusjacksoni,1,1,1,1,1,1,1,1,0,0,0,0,0
Elasmobranchii,Galeomorphii,Hypogaleus hyugaensis,1,1,1,1,1,1,1,1,0,0,0,0,0
Elasmobranchii,Galeomorphii,Isurus oxyrinchus,1,1,1,1,1,1,1,1,0,0,0,0,0
Elasmobranchii,Galeomorphii,Isurus paucus,1,1,1,1,1,1,1,1,0,0,0,0,0
Elasmobranchii,Galeomorphii,Loxodon macrorhinus,1,1,1,1,1,1,1,1,0,0,0,0,0
Elasmobranchii,Galeomorphii,Nebrius ferrugineus,1,1,1,1,1,1,1,1,0,0,0,0,0
Elasmobranchii,Galeomorphii,Negaprion acutidens,1,1,1,1,1,1,1,1,0,0,0,0,0
Elasmobranchii,Galeomorphii,Odontaspis ferox,1,1,1,1,1,1,1,1,0,0,0,0,0
Elasmobranchii,Galeomorphii,Orectolobus maculatus,1,1,1,1,1,1,1,1,0,0,0,0,0
Elasmobranchii,Galeomorphii,Orectolobus wardi,1,1,1,1,1,1,1,1,0,0,0,0,0
Elasmobranchii,Galeomorphii,Parascyllium collare,1,1,1,1,1,1,1,1,0,0,0,0,0
Elasmobranchii,Galeomorphii,Rhizoprionodon acutus,1,1,1,1,1,1,1,1,0,0,0,0,0
Elasmobranchii,Galeomorphii,Sphyrna lewini,1,1,1,1,1,1,1,1,0,0,0,0,0
Elasmobranchii,Galeomorphii,Sphyrna mokarran,1,1,1,1,1,1,1,1,0,0,0,0,0
Elasmobranchii,Galeomorphii,Sphyrna zygaena,1,1,1,1,1,1,1,1,0,0,0,0,0
Elasmobranchii,Galeomorphii,Stegostoma fasciatum,1,1,1,1,1,1,1,1,0,0,0,0,0
Elasmobranchii,Galeomorphii,Triaenodon obesus,1,1,1,1,1,1,1,1,0,0,0,0,0
Elasmobranchii,Galeomorphii,Rhincodon typus,1,1,1,1,1,1,1,1,0,0,0,0,0
Elasmobranchii,Galeomorphii,Alopias pelagicus,1,1,1,1,1,1,1,1,0,0,0,0,0
Elasmobranchii,Galeomorphii,Carcharhinus perezi,1,1,1,1,1,1,1,1,0,0,0,0,0
Elasmobranchii,Galeomorphii,Carcharhinus signatus,1,1,1,1,1,1,1,1,0,0,0,0,0
Elasmobranchii,Galeomorphii,Mustelus canis,1,1,1,1,1,1,1,1,0,0,0,0,0
Elasmobranchii,Galeomorphii,Rhizoprionodon porosus,1,1,1,1,1,1,1,1,0,0,0,0,0
Elasmobranchii,Galeomorphii,Sphyrna tiburo,1,1,1,1,1,1,1,1,0,0,0,0,0
Elasmobranchii,Galeomorphii,Carcharhinus galapagensis,1,1,1,1,1,1,1,1,0,0,0,0,0
Elasmobranchii,Galeomorphii,Carcharhinus porosus,1,1,1,1,1,1,1,1,0,0,0,0,0
Elasmobranchii,Galeomorphii,Isogomphodon oxyrhynchus,1,1,1,1,1,1,1,1,0,0,0,0,0
Elasmobranchii,Galeomorphii,Mustelus fasciatus,1,1,1,1,1,1,1,1,0,0,0,0,0
Elasmobranchii,Galeomorphii,Sphyrna media,1,1,1,1,1,1,1,1,0,0,0,0,0
Elasmobranchii,Galeomorphii,Sphyrna tudes,1,1,1,1,1,1,1,1,0,0,0,0,0
Elasmobranchii,Galeomorphii,Mustelus mento,1,1,1,1,1,1,1,1,0,0,0,0,0
Elasmobranchii,Galeomorphii,Apristurus herklotsi,1,1,1,1,1,1,1,1,0,0,0,0,0
Elasmobranchii,Galeomorphii,Apristurus japonicus,1,1,1,1,1,1,1,1,0,0,0,0,0
Elasmobranchii,Galeomorphii,Apristurus longicephalus,1,1,1,1,1,1,1,1,0,0,0,0,0
Elasmobranchii,Galeomorphii,Atelomycterus marmoratus,1,1,1,1,1,1,1,1,0,0,0,0,0
Elasmobranchii,Galeomorphii,Carcharhinus borneensis,1,1,1,1,1,1,1,1,0,0,0,0,0
Elasmobranchii,Galeomorphii,Carcharhinus hemiodon,1,1,1,1,1,1,1,1,0,0,0,0,0
Elasmobranchii,Galeomorphii,Carcharhinus sealei,1,1,1,1,1,1,1,1,0,0,0,0,0
Elasmobranchii,Galeomorphii,Chaenogaleus macrostoma,1,1,1,1,1,1,1,1,0,0,0,0,0
Elasmobranchii,Galeomorphii,Chiloscyllium griseum,1,1,1,1,1,1,1,1,0,0,0,0,0
Elasmobranchii,Galeomorphii,Chiloscyllium indicum,1,1,1,1,1,1,1,1,0,0,0,0,0
Elasmobranchii,Galeomorphii,Chiloscyllium plagiosum,1,1,1,1,1,1,1,1,0,0,0,0,0
Elasmobranchii,Galeomorphii,Galeus eastmani,1,1,1,1,1,1,1,1,0,0,0,0,0
Elasmobranchii,Galeomorphii,Halaelurus natalensis,1,1,1,1,1,1,1,1,0,0,0,0,0
Elasmobranchii,Galeomorphii,Heterodontus japonicus,1,1,1,1,1,1,1,1,0,0,0,0,0
Elasmobranchii,Galeomorphii,Heterodontus zebra,1,1,1,1,1,1,1,1,0,0,0,0,0
Elasmobranchii,Galeomorphii,Lamiopsis temminckii,1,1,1,1,1,1,1,1,0,0,0,0,0
Elasmobranchii,Galeomorphii,Mustelus griseus,1,1,1,1,1,1,1,1,0,0,0,0,0
Elasmobranchii,Galeomorphii,Mustelus manazo,1,1,1,1,1,1,1,1,0,0,0,0,0
Elasmobranchii,Galeomorphii,Orectolobus japonicus,1,1,1,1,1,1,1,1,0,0,0,0,0
Elasmobranchii,Galeomorphii,Paragaleus tengi,1,1,1,1,1,1,1,1,0,0,0,0,0
Elasmobranchii,Galeomorphii,Proscyllium habereri,1,1,1,1,1,1,1,1,0,0,0,0,0
Elasmobranchii,Galeomorphii,Pseudotriakis microdon,1,1,1,1,1,1,1,1,0,0,0,0,0
Elasmobranchii,Galeomorphii,Rhizoprionodon oligolinx,1,1,1,1,1,1,1,1,0,0,0,0,0
Elasmobranchii,Galeomorphii,Scoliodon laticaudus,1,1,1,1,1,1,1,1,0,0,0,0,0
Elasmobranchii,Galeomorphii,Triakis scyllium,1,1,1,1,1,1,1,1,0,0,0,0,0
Elasmobranchii,Galeomorphii,Mustelus dorsalis,1,1,1,1,1,1,1,1,0,0,0,0,0
Elasmobranchii,Galeomorphii,Mustelus henlei,1,1,1,1,1,1,1,1,0,0,0,0,0
Elasmobranchii,Galeomorphii,Mustelus lunulatus,1,1,1,1,1,1,1,1,0,0,0,0,0
Elasmobranchii,Galeomorphii,Mustelus norrisi,1,1,1,1,1,1,1,1,0,0,0,0,0
Elasmobranchii,Galeomorphii,Nasolamia velox,1,1,1,1,1,1,1,1,0,0,0,0,0
Elasmobranchii,Galeomorphii,Rhizoprionodon longurio,1,1,1,1,1,1,1,1,0,0,0,0,0
Elasmobranchii,Galeomorphii,Sphyrna corona,1,1,1,1,1,1,1,1,0,0,0,0,0
Elasmobranchii,Galeomorphii,Apristurus kampae,1,1,1,1,1,1,1,1,0,0,0,0,0
Elasmobranchii,Galeomorphii,Heterodontus mexicanus,1,1,1,1,1,1,1,1,0,0,0,0,0
Elasmobranchii,Galeomorphii,Triakis maculata,1,1,1,1,1,1,1,1,0,0,0,0,0
Elasmobranchii,Galeomorphii,Scyliorhinus stellaris,1,1,1,1,1,1,1,1,0,0,0,0,0
Elasmobranchii,Galeomorphii,Chiloscyllium arabicum,1,1,1,1,1,1,1,1,0,0,0,0,0
Elasmobranchii,Galeomorphii,Chiloscyllium hasseltii,1,1,1,1,1,1,1,1,0,0,0,0,0
Elasmobranchii,Galeomorphii,Glyphis gangeticus,1,1,1,1,1,1,1,1,0,0,0,0,0
Elasmobranchii,Galeomorphii,Iago omanensis,1,1,1,1,1,1,1,1,0,0,0,0,0
Elasmobranchii,Galeomorphii,Mustelus mosis,1,1,1,1,1,1,1,1,0,0,0,0,0
Elasmobranchii,Galeomorphii,Atelomycterus macleayi,1,1,1,1,1,1,1,1,0,0,0,0,0
Elasmobranchii,Galeomorphii,Hemitriakis leucoperiptera,1,1,1,1,1,1,1,1,0,0,0,0,0
Elasmobranchii,Galeomorphii,Mustelus asterias,1,1,1,1,1,1,1,1,0,0,0,0,0
Elasmobranchii,Galeomorphii,Mustelus mustelus,1,1,1,1,1,1,1,1,0,0,0,0,0
Elasmobranchii,Galeomorphii,Mustelus punctulatus,1,1,1,1,1,1,1,1,0,0,0,0,0
Elasmobranchii,Galeomorphii,Mustelus lenticulatus,1,1,1,1,1,1,1,1,0,0,0,0,0
Elasmobranchii,Galeomorphii,Heterodontus francisci,1,1,1,1,1,1,1,1,0,0,0,0,0
Elasmobranchii,Galeomorphii,Mustelus californicus,1,1,1,1,1,1,1,1,0,0,0,0,0
Elasmobranchii,Galeomorphii,Rhizoprionodon terraenovae,1,1,1,1,1,1,1,1,0,0,0,0,0
Elasmobranchii,Galeomorphii,Galeus polli,1,1,1,1,1,1,1,1,0,0,0,0,0
Elasmobranchii,Galeomorphii,Leptocharias smithii,1,1,1,1,1,1,1,1,0,0,0,0,0
Elasmobranchii,Galeomorphii,Paragaleus pectoralis,1,1,1,1,1,1,1,1,0,0,0,0,0
Elasmobranchii,Galeomorphii,Scyliorhinus cervigoni,1,1,1,1,1,1,1,1,0,0,0,0,0
Elasmobranchii,Galeomorphii,Apristurus parvipinnis,1,1,1,1,1,1,1,1,0,0,0,0,0
Elasmobranchii,Galeomorphii,Rhizoprionodon lalandii,1,1,1,1,1,1,1,1,0,0,0,0,0
Elasmobranchii,Galeomorphii,Mustelus whitneyi,1,1,1,1,1,1,1,1,0,0,0,0,0
Elasmobranchii,Galeomorphii,Pseudoginglymostoma brevicaudatum,1,1,1,1,1,1,1,1,0,0,0,0,0
Elasmobranchii,Galeomorphii,Lamna ditropis,1,1,1,1,1,1,1,1,0,0,0,0,0
Elasmobranchii,Galeomorphii,Galeus sauteri,1,1,1,1,1,1,1,1,0,0,0,0,0
Elasmobranchii,Squalomorphii,Squatina argentina,1,1,1,1,1,1,1,1,0,0,0,0,0
Elasmobranchii,Squalomorphii,Hexanchus griseus,1,1,1,1,1,1,1,1,0,0,0,0,0
Elasmobranchii,Squalomorphii,Notorynchus cepedianus,1,1,1,1,1,1,1,1,0,0,0,0,0
Elasmobranchii,Squalomorphii,Somniosus pacificus,1,1,1,1,1,1,1,1,0,0,0,0,0
Elasmobranchii,Squalomorphii,Squatina californica,1,1,1,1,1,1,1,1,0,0,0,0,0
Elasmobranchii,Squalomorphii,Deania profundorum,1,1,1,1,1,1,1,1,0,0,0,0,0
Elasmobranchii,Squalomorphii,Dalatias licha,1,1,1,1,1,1,1,1,0,0,0,0,0
Elasmobranchii,Squalomorphii,Centrophorus squamosus,1,1,1,1,1,1,1,1,0,0,0,0,0
Elasmobranchii,Squalomorphii,Somniosus rostratus,1,1,1,1,1,1,1,1,0,0,0,0,0
Elasmobranchii,Squalomorphii,Scymnodon plunketi,1,1,1,1,1,1,1,1,0,0,0,0,0
Elasmobranchii,Squalomorphii,Oxynotus centrina,1,1,1,1,1,1,1,1,0,0,0,0,0
Elasmobranchii,Squalomorphii,Echinorhinus brucus,1,1,1,1,1,1,1,1,0,0,0,0,0
Elasmobranchii,Squalomorphii,Somniosus microcephalus,1,1,1,1,1,1,1,1,0,0,0,0,0
Elasmobranchii,Squalomorphii,Centrophorus lusitanicus,1,1,1,1,1,1,1,1,0,0,0,0,0
Elasmobranchii,Squalomorphii,Oxynotus paradoxus,1,1,1,1,1,1,1,1,0,0,0,0,0
Elasmobranchii,Squalomorphii,Squalus acanthias,1,1,1,1,1,1,1,1,0,0,0,0,0
Elasmobranchii,Squalomorphii,Squalus mitsukurii,1,1,1,1,1,1,1,1,0,0,0,0,0
Elasmobranchii,Squalomorphii,Centrophorus granulosus,1,1,1,1,1,1,1,1,0,0,0,0,0
Elasmobranchii,Squalomorphii,Centrophorus moluccensis,1,1,1,1,1,1,1,1,0,0,0,0,0
Elasmobranchii,Squalomorphii,Centrophorus uyato,1,1,1,1,1,1,1,1,0,0,0,0,0
Elasmobranchii,Squalomorphii,Centroscymnus coelolepis,1,1,1,1,1,1,1,1,0,0,0,0,0
Elasmobranchii,Squalomorphii,Centroscymnus owstonii,1,1,1,1,1,1,1,1,0,0,0,0,0
Elasmobranchii,Squalomorphii,Deania calcea,1,1,1,1,1,1,1,1,0,0,0,0,0
Elasmobranchii,Squalomorphii,Deania quadrispinosa,1,1,1,1,1,1,1,1,0,0,0,0,0
Elasmobranchii,Squalomorphii,Echinorhinus cookei,1,1,1,1,1,1,1,1,0,0,0,0,0
Elasmobranchii,Squalomorphii,Etmopterus pusillus,1,1,1,1,1,1,1,1,0,0,0,0,0
Elasmobranchii,Squalomorphii,Heptranchias perlo,1,1,1,1,1,1,1,1,0,0,0,0,0
Elasmobranchii,Squalomorphii,Isistius brasiliensis,1,1,1,1,1,1,1,1,0,0,0,0,0
Elasmobranchii,Squalomorphii,Pristiophorus cirratus,1,1,1,1,1,1,1,1,0,0,0,0,0
Elasmobranchii,Squalomorphii,Pristiophorus nudipinnis,1,1,1,1,1,1,1,1,0,0,0,0,0
Elasmobranchii,Squalomorphii,Squalus megalops,1,1,1,1,1,1,1,1,0,0,0,0,0
Elasmobranchii,Squalomorphii,Squatina australis,1,1,1,1,1,1,1,1,0,0,0,0,0
Elasmobranchii,Squalomorphii,Zameus squamulosus,1,1,1,1,1,1,1,1,0,0,0,0,0
Elasmobranchii,Squalomorphii,Centroscyllium fabricii,1,1,1,1,1,1,1,1,0,0,0,0,0
Elasmobranchii,Squalomorphii,Pristiophorus japonicus,1,1,1,1,1,1,1,1,0,0,0,0,0
Elasmobranchii,Squalomorphii,Squalus japonicus,1,1,1,1,1,1,1,1,0,0,0,0,0
Elasmobranchii,Squalomorphii,Squatina japonica,1,1,1,1,1,1,1,1,0,0,0,0,0
Elasmobranchii,Squalomorphii,Hexanchus nakamurai,1,1,1,1,1,1,1,1,0,0,0,0,0
Elasmobranchii,Squalomorphii,Etmopterus spinax,1,1,1,1,1,1,1,1,0,0,0,0,0
Elasmobranchii,Squalomorphii,Scymnodon ringens,1,1,1,1,1,1,1,1,0,0,0,0,0
Elasmobranchii,Squalomorphii,Squalus blainville,1,1,1,1,1,1,1,1,0,0,0,0,0
Elasmobranchii,Squalomorphii,Squatina squatina,1,1,1,1,1,1,1,1,0,0,0,0,0
Elasmobranchii,Squalomorphii,Squatina aculeata,1,1,1,1,1,1,1,1,0,0,0,0,0
Elasmobranchii,Squalomorphii,Squatina oculata,1,1,1,1,1,1,1,1,0,0,0,0,0
Elasmobranchii,Squalomorphii,Squalus cubensis,1,1,1,1,1,1,1,1,0,0,0,0,0
Elasmobranchii,Squalomorphii,Chlamydoselachus anguineus,1,1,1,1,1,1,1,1,0,0,0,0,0
Elasmobranchii,Squalomorphii,Etmopterus polli,1,1,1,1,1,1,1,1,0,0,0,0,0
Elasmobranchii,Squalomorphii,Deania hystricosa,1,1,1,1,1,1,1,1,0,0,0,0,0
Elasmobranchii,Squalomorphii,Etmopterus hillianus,1,1,1,1,1,1,1,1,0,0,0,0,0
Elasmobranchii,Squalomorphii,Squatina dumeril,1,1,1,1,1,1,1,1,0,0,0,0,0
Holocephali,Holocephalimorpha,Hydrolagus novaezealandiae,1,0,0,0,0,0,0,0,0,0,0,0,0
Holocephali,Holocephalimorpha,Chimaera phantasma,1,0,0,0,0,0,0,0,0,0,0,0,0
Holocephali,Holocephalimorpha,Callorhinchus callorynchus,1,0,0,0,0,0,0,0,0,0,0,0,0
Holocephali,Holocephalimorpha,Callorhinchus milii,1,0,0,0,0,0,0,0,0,0,0,0,0
Holocephali,Holocephalimorpha,Hydrolagus ogilbyi,1,0,0,0,0,0,0,0,0,0,0,0,0
Holocephali,Holocephalimorpha,Chimaera monstrosa,1,0,0,0,0,0,0,0,0,0,0,0,0