Year,App.,Taxon,Class,Order,Family,Genus,Importer,Exporter,Origin,Importer reported quantity,Exporter reported quantity,Term,Unit,Purpose,Source
2012,II,Acipenser gueldenstaedtii,Actinopteri,Acipenseriformes,Acipenseridae,Acipenser,RU,UA,,,50,fins,,S,W
2012,II,Arapaima gigas,Actinopteri,Osteoglossiformes,Arapaimidae,Arapaima,FI,PE,,,100,fins,,S,C
2012,II,Cetorhinus maximus,Elasmobranchii,Lamniformes,Cetorhinidae,Cetorhinus,HK,NO,,576.3,605.6,fins,kg,T,W
2012,II,Tursiops truncatus,Mammalia,Cetacea,Delphinidae,Tursiops,US,CN,,,3,fins,,Q,C
2013,I,Cheloniidae spp.,Reptilia,Testudines,Cheloniidae,,US,NI,,3,,fins,kg,T,I
2013,II,Carcharhinus longimanus,Elasmobranchii,Carcharhiniformes,Carcharhinidae,Carcharhinus,HK,SC,,,100.14,fins,,T,W
2013,II,Lamna nasus,Elasmobranchii,Lamniformes,Lamnidae,Lamna,BR,US,,,1,fins,,E,O
2013,II,Sphyrna spp.,Elasmobranchii,Carcharhiniformes,Sphyrnidae,Sphyrna,HK,SC,,,98.60,fins,,T,W
2013,II,Sphyrna lewini,Elasmobranchii,Carcharhiniformes,Sphyrnidae,Sphyrna,BR,US,,,1,fins,,E,O
2013,II,Sphyrna lewini,Elasmobranchii,Carcharhiniformes,Sphyrnidae,Sphyrna,US,BR,,104,,fins,,T,I
2013,III,Lamna nasus,Elasmobranchii,Lamniformes,Lamnidae,Lamna,AU,NZ,,13.3,13.30,fins,kg,T,W
2013,III,Lamna nasus,Elasmobranchii,Lamniformes,Lamnidae,Lamna,ES,JP,XX,602,,fins,kg,T,W
2013,III,Lamna nasus,Elasmobranchii,Lamniformes,Lamnidae,Lamna,SG,ES,JP,,586,fins,kg,T,W
2013,III,Lamna nasus,Elasmobranchii,Lamniformes,Lamnidae,Lamna,TH,GB,US,,1,fins,,S,O
2013,III,Sphyrna lewini,Elasmobranchii,Carcharhiniformes,Sphyrnidae,Sphyrna,TH,GB,US,,1,fins,,S,O
2014,II,Acipenser baerii,Actinopteri,Acipenseriformes,Acipenseridae,Acipenser,CA,FR,,,0.3,fins,kg,T,C
2014,II,Acipenser baerii,Actinopteri,Acipenseriformes,Acipenseridae,Acipenser,CN,FR,,,4.4,fins,kg,T,C
2014,II,Acipenser baerii,Actinopteri,Acipenseriformes,Acipenseridae,Acipenser,US,FR,,,0.3,fins,kg,T,C
2014,II,Acipenser baerii,Actinopteri,Acipenseriformes,Acipenseridae,Acipenser,US,FR,,76,,fins,,S,C
2014,II,Carcharhinus longimanus,Elasmobranchii,Carcharhiniformes,Carcharhinidae,Carcharhinus,ET,AE,YE,,3,fins,,T,W
2014,II,Carcharhinus longimanus,Elasmobranchii,Carcharhiniformes,Carcharhinidae,Carcharhinus,SG,LK,,451,451,fins,kg,T,W
2014,II,Lamna nasus,Elasmobranchii,Lamniformes,Lamnidae,Lamna,AU,NZ,,37.7,37.7,fins,kg,T,W
2014,II,Lamna nasus,Elasmobranchii,Lamniformes,Lamnidae,Lamna,HK,SG,XX,,1000,fins,kg,T,O
2014,II,Sphyrna lewini,Elasmobranchii,Carcharhiniformes,Sphyrnidae,Sphyrna,CN,MX,,,4243.91,fins,kg,T,W
2014,II,Sphyrna lewini,Elasmobranchii,Carcharhiniformes,Sphyrnidae,Sphyrna,HK,AU,,,22.5,fins,kg,T,W
2014,II,Sphyrna lewini,Elasmobranchii,Carcharhiniformes,Sphyrnidae,Sphyrna,HK,SV,,,434,fins,,T,W
2014,II,Sphyrna lewini,Elasmobranchii,Carcharhiniformes,Sphyrnidae,Sphyrna,SG,LK,,160,160,fins,kg,T,W
2014,II,Sphyrna lewini,Elasmobranchii,Carcharhiniformes,Sphyrnidae,Sphyrna,US,BZ,,29600,,fins,kg,T,I
2014,II,Sphyrna lewini,Elasmobranchii,Carcharhiniformes,Sphyrnidae,Sphyrna,XX,CL,,,14,fins,,S,W
2014,II,Sphyrna mokarran,Elasmobranchii,Carcharhiniformes,Sphyrnidae,Sphyrna,CN,MX,,,250,fins,kg,T,W
2014,II,Sphyrna mokarran,Elasmobranchii,Carcharhiniformes,Sphyrnidae,Sphyrna,HK,AU,,,43.18,fins,kg,T,W
2014,II,Sphyrna mokarran,Elasmobranchii,Carcharhiniformes,Sphyrnidae,Sphyrna,HK,SG,XX,,872,fins,kg,T,O
2014,II,Sphyrna zygaena,Elasmobranchii,Carcharhiniformes,Sphyrnidae,Sphyrna,CN,MX,,,340,fins,kg,T,O
2014,II,Sphyrna zygaena,Elasmobranchii,Carcharhiniformes,Sphyrnidae,Sphyrna,CN,SN,,,180,fins,kg,T,W
2014,III,Sphyrna lewini,Elasmobranchii,Carcharhiniformes,Sphyrnidae,Sphyrna,ET,AE,XX,,3,fins,,E,W
2015,II,Carcharhinus longimanus,Elasmobranchii,Carcharhiniformes,Carcharhinidae,Carcharhinus,HK,SG,LK,745.6,1153,fins,kg,T,W
2015,II,Carcharhinus longimanus,Elasmobranchii,Carcharhiniformes,Carcharhinidae,Carcharhinus,HK,US,FJ,,4,fins,,Q,O
2015,II,Carcharhinus longimanus,Elasmobranchii,Carcharhiniformes,Carcharhinidae,Carcharhinus,OM,AE,YE,,3,fins,,E,W
2015,II,Carcharhinus longimanus,Elasmobranchii,Carcharhiniformes,Carcharhinidae,Carcharhinus,PH,US,FJ,,4,fins,,E,W
2015,II,Carcharhinus longimanus,Elasmobranchii,Carcharhiniformes,Carcharhinidae,Carcharhinus,SG,LK,,872,872,fins,kg,T,W
2015,II,Carcharhinus longimanus,Elasmobranchii,Carcharhiniformes,Carcharhinidae,Carcharhinus,US,HK,FJ,4,,fins,,E,W
2015,II,Carcharhinus longimanus,Elasmobranchii,Carcharhiniformes,Carcharhinidae,Carcharhinus,XX,EC,,,9,fins,,T,W
2015,II,Carcharodon carcharias,Elasmobranchii,Lamniformes,Lamnidae,Carcharodon,HK,NI,,236.09,144.8818207,fins,kg,T,W
2015,II,Lamna nasus,Elasmobranchii,Lamniformes,Lamnidae,Lamna,HK,US,,,2,fins,,Q,O
2015,II,Lamna nasus,Elasmobranchii,Lamniformes,Lamnidae,Lamna,PH,US,,,2,fins,,E,W
2015,II,Lamna nasus,Elasmobranchii,Lamniformes,Lamnidae,Lamna,US,HK,US,2,,fins,,E,W
2015,II,Lamna nasus,Elasmobranchii,Lamniformes,Lamnidae,Lamna,XX,CL,,,8,fins,,S,W
2015,II,Arctocephalus pusillus,Mammalia,Carnivora,Otariidae,Arctocephalus,HK,NA,,,20,fins,,T,
2015,II,Sphyrna spp.,Elasmobranchii,Carcharhiniformes,Sphyrnidae,Sphyrna,HK,NI,,,180.43,fins,kg,T,W
2015,II,Sphyrna lewini,Elasmobranchii,Carcharhiniformes,Sphyrnidae,Sphyrna,CN,MX,,,5230.10,fins,kg,T,W
2015,II,Sphyrna lewini,Elasmobranchii,Carcharhiniformes,Sphyrnidae,Sphyrna,HK,AU,,239.41,393.01,fins,kg,T,W
2015,II,Sphyrna lewini,Elasmobranchii,Carcharhiniformes,Sphyrnidae,Sphyrna,HK,CR,,297.83,342.05,fins,kg,T,W
2015,II,Sphyrna lewini,Elasmobranchii,Carcharhiniformes,Sphyrnidae,Sphyrna,HK,MX,,6506.85,73.04,fins,kg,T,W
2015,II,Sphyrna lewini,Elasmobranchii,Carcharhiniformes,Sphyrnidae,Sphyrna,HK,NI,,294.34,217.27,fins,kg,T,W
2015,II,Sphyrna lewini,Elasmobranchii,Carcharhiniformes,Sphyrnidae,Sphyrna,HK,SG,LK,,146.5,fins,kg,T,W
2015,II,Sphyrna lewini,Elasmobranchii,Carcharhiniformes,Sphyrnidae,Sphyrna,HK,SG,XX,,901,fins,kg,T,O
2015,II,Sphyrna lewini,Elasmobranchii,Carcharhiniformes,Sphyrnidae,Sphyrna,HK,SV,,402.88,,fins,kg,T,W
2015,II,Sphyrna lewini,Elasmobranchii,Carcharhiniformes,Sphyrnidae,Sphyrna,HK,US,,,14,fins,,Q,O
2015,II,Sphyrna lewini,Elasmobranchii,Carcharhiniformes,Sphyrnidae,Sphyrna,OM,AE,XX,,3,fins,,E,W
2015,II,Sphyrna lewini,Elasmobranchii,Carcharhiniformes,Sphyrnidae,Sphyrna,PH,US,ZA,,4,fins,,E,W
2015,II,Sphyrna lewini,Elasmobranchii,Carcharhiniformes,Sphyrnidae,Sphyrna,PH,US,,,8,fins,,E,W
2015,II,Sphyrna lewini,Elasmobranchii,Carcharhiniformes,Sphyrnidae,Sphyrna,US,HK,US,14,,fins,,E,W
2015,II,Sphyrna lewini,Elasmobranchii,Carcharhiniformes,Sphyrnidae,Sphyrna,US,HK,XX,700,,fins,g,T,I
2015,II,Sphyrna mokarran,Elasmobranchii,Carcharhiniformes,Sphyrnidae,Sphyrna,CN,MX,,,8898.35,fins,kg,T,W
2015,II,Sphyrna mokarran,Elasmobranchii,Carcharhiniformes,Sphyrnidae,Sphyrna,HK,AU,,345.67,235.82,fins,kg,T,W
2015,II,Sphyrna mokarran,Elasmobranchii,Carcharhiniformes,Sphyrnidae,Sphyrna,HK,MX,,3260.70,,fins,kg,T,W
2015,II,Sphyrna mokarran,Elasmobranchii,Carcharhiniformes,Sphyrnidae,Sphyrna,HK,US,,,3,fins,,Q,O
2015,II,Sphyrna mokarran,Elasmobranchii,Carcharhiniformes,Sphyrnidae,Sphyrna,PH,US,,,3,fins,,E,W
2015,II,Sphyrna mokarran,Elasmobranchii,Carcharhiniformes,Sphyrnidae,Sphyrna,US,HK,US,3,,fins,,E,W
2015,II,Sphyrna mokarran,Elasmobranchii,Carcharhiniformes,Sphyrnidae,Sphyrna,US,HK,XX,25,,fins,g,T,I
2015,II,Sphyrna mokarran,Elasmobranchii,Carcharhiniformes,Sphyrnidae,Sphyrna,US,MX,XX,1,,fins,,P,I
2015,II,Sphyrna zygaena,Elasmobranchii,Carcharhiniformes,Sphyrnidae,Sphyrna,CL,MX,,,878,fins,kg,T,W
2015,II,Sphyrna zygaena,Elasmobranchii,Carcharhiniformes,Sphyrnidae,Sphyrna,CN,MX,,,3639,fins,kg,T,W
2015,II,Sphyrna zygaena,Elasmobranchii,Carcharhiniformes,Sphyrnidae,Sphyrna,CN,SN,,,480,fins,,T,W
2015,II,Sphyrna zygaena,Elasmobranchii,Carcharhiniformes,Sphyrnidae,Sphyrna,HK,AU,,64.5,64.5,fins,kg,T,W
2015,II,Sphyrna zygaena,Elasmobranchii,Carcharhiniformes,Sphyrnidae,Sphyrna,HK,CR,,648.22,858.1,fins,kg,T,W
2015,II,Sphyrna zygaena,Elasmobranchii,Carcharhiniformes,Sphyrnidae,Sphyrna,HK,MX,,6669.5,6061.5,fins,kg,T,W
2015,II,Sphyrna zygaena,Elasmobranchii,Carcharhiniformes,Sphyrnidae,Sphyrna,HK,SG,LK,149,149,fins,kg,T,W
2015,II,Sphyrna zygaena,Elasmobranchii,Carcharhiniformes,Sphyrnidae,Sphyrna,SG,LK,,150,50,fins,kg,T,W
2015,II,Sphyrna zygaena,Elasmobranchii,Carcharhiniformes,Sphyrnidae,Sphyrna,SG,LK,,,100,fins,,T,W
2015,II,Sphyrna zygaena,Elasmobranchii,Carcharhiniformes,Sphyrnidae,Sphyrna,US,CR,,,6,fins,,S,W
2015,II,Hippocampus erectus,Actinopteri,Syngnathiformes,Syngnathidae,Hippocampus,US,BS,,200,,fins,,S,W
2016,I,Pristis spp.,Elasmobranchii,Pristiformes,Pristidae,Pristis,SN,US,XX,,1,fins,,L,I
2016,II,Carcharhinus longimanus,Elasmobranchii,Carcharhiniformes,Carcharhinidae,Carcharhinus,DO,US,FJ,,4,fins,,Q,W
2016,II,Carcharhinus longimanus,Elasmobranchii,Carcharhiniformes,Carcharhinidae,Carcharhinus,FJ,US,FJ,,8,fins,,Q,W
2016,II,Carcharhinus longimanus,Elasmobranchii,Carcharhiniformes,Carcharhinidae,Carcharhinus,HK,IN,,,1431,fins,kg,T,W
2016,II,Carcharhinus longimanus,Elasmobranchii,Carcharhiniformes,Carcharhinidae,Carcharhinus,HK,SG,XX,1200,1200,fins,kg,T,O
2016,II,Carcharhinus longimanus,Elasmobranchii,Carcharhiniformes,Carcharhinidae,Carcharhinus,LK,MV,LK,4,,fins,,E,W
2016,II,Carcharhinus longimanus,Elasmobranchii,Carcharhiniformes,Carcharhinidae,Carcharhinus,LK,ZA,LK,4,4,fins,,E,W
2016,II,Carcharhinus longimanus,Elasmobranchii,Carcharhiniformes,Carcharhinidae,Carcharhinus,MV,LK,,,4,fins,,E,W
2016,II,Carcharhinus longimanus,Elasmobranchii,Carcharhiniformes,Carcharhinidae,Carcharhinus,MV,US,FJ,,4,fins,,Q,W
2016,II,Carcharhinus longimanus,Elasmobranchii,Carcharhiniformes,Carcharhinidae,Carcharhinus,PE,CR,,4,,fins,,E,W
2016,II,Carcharhinus longimanus,Elasmobranchii,Carcharhiniformes,Carcharhinidae,Carcharhinus,SN,US,FJ,,4,fins,,Q,W
2016,II,Carcharhinus longimanus,Elasmobranchii,Carcharhiniformes,Carcharhinidae,Carcharhinus,SN,US,XX,1,1,fins,,L,I
2016,II,Carcharhinus longimanus,Elasmobranchii,Carcharhiniformes,Carcharhinidae,Carcharhinus,US,DO,US,4,,fins,,Q,W
2016,II,Carcharhinus longimanus,Elasmobranchii,Carcharhiniformes,Carcharhinidae,Carcharhinus,US,FJ,,4,,fins,,Q,W
2016,II,Carcharhinus longimanus,Elasmobranchii,Carcharhiniformes,Carcharhinidae,Carcharhinus,US,LK,FJ,4,,fins,,Q,W
2016,II,Carcharhinus longimanus,Elasmobranchii,Carcharhiniformes,Carcharhinidae,Carcharhinus,US,SN,FJ,4,,fins,,Q,W
2016,II,Carcharhinus longimanus,Elasmobranchii,Carcharhiniformes,Carcharhinidae,Carcharhinus,US,SN,US,,4,fins,,S,W
2016,II,Carcharhinus longimanus,Elasmobranchii,Carcharhiniformes,Carcharhinidae,Carcharhinus,US,ZA,FJ,4,,fins,,Q,W
2016,II,Carcharhinus longimanus,Elasmobranchii,Carcharhiniformes,Carcharhinidae,Carcharhinus,ZA,LK,,4,4,fins,,E,W
2016,II,Carcharhinus longimanus,Elasmobranchii,Carcharhiniformes,Carcharhinidae,Carcharhinus,ZA,US,FJ,,4,fins,,Q,W
2016,II,Lamna nasus,Elasmobranchii,Lamniformes,Lamnidae,Lamna,DO,US,,,2,fins,,Q,W
2016,II,Lamna nasus,Elasmobranchii,Lamniformes,Lamnidae,Lamna,FJ,US,,,4,fins,,Q,W
2016,II,Lamna nasus,Elasmobranchii,Lamniformes,Lamnidae,Lamna,MV,US,,,2,fins,,Q,W
2016,II,Lamna nasus,Elasmobranchii,Lamniformes,Lamnidae,Lamna,PE,CR,,18,,fins,,E,W
2016,II,Lamna nasus,Elasmobranchii,Lamniformes,Lamnidae,Lamna,SN,US,,,2,fins,,Q,W
2016,II,Lamna nasus,Elasmobranchii,Lamniformes,Lamnidae,Lamna,US,DO,US,2,,fins,,Q,W
2016,II,Lamna nasus,Elasmobranchii,Lamniformes,Lamnidae,Lamna,US,FJ,US,2,,fins,,Q,W
2016,II,Lamna nasus,Elasmobranchii,Lamniformes,Lamnidae,Lamna,US,LK,US,2,,fins,,Q,W
2016,II,Lamna nasus,Elasmobranchii,Lamniformes,Lamnidae,Lamna,US,SN,US,2,,fins,,Q,W
2016,II,Lamna nasus,Elasmobranchii,Lamniformes,Lamnidae,Lamna,US,SN,US,,2,fins,,S,W
2016,II,Lamna nasus,Elasmobranchii,Lamniformes,Lamnidae,Lamna,US,ZA,US,2,,fins,,Q,W
2016,II,Lamna nasus,Elasmobranchii,Lamniformes,Lamnidae,Lamna,ZA,US,,,2,fins,,Q,W
2016,II,Sphyrna lewini,Elasmobranchii,Carcharhiniformes,Sphyrnidae,Sphyrna,DO,US,ZA,,3,fins,,Q,W
2016,II,Sphyrna lewini,Elasmobranchii,Carcharhiniformes,Sphyrnidae,Sphyrna,FJ,US,ZA,,3,fins,,Q,W
2016,II,Sphyrna lewini,Elasmobranchii,Carcharhiniformes,Sphyrnidae,Sphyrna,HK,AU,,327.93,337.23,fins,kg,T,W
2016,II,Sphyrna lewini,Elasmobranchii,Carcharhiniformes,Sphyrnidae,Sphyrna,HK,AU,,,13.55,fins,,T,W
2016,II,Sphyrna lewini,Elasmobranchii,Carcharhiniformes,Sphyrnidae,Sphyrna,HK,KR,,892,892,fins,kg,T,W
2016,II,Sphyrna lewini,Elasmobranchii,Carcharhiniformes,Sphyrnidae,Sphyrna,HK,MX,,6402.66,6401.07,fins,kg,T,W
2016,II,Sphyrna lewini,Elasmobranchii,Carcharhiniformes,Sphyrnidae,Sphyrna,HK,NI,,387.41,953.41,fins,kg,T,W
2016,II,Sphyrna lewini,Elasmobranchii,Carcharhiniformes,Sphyrnidae,Sphyrna,HK,NI,,,50,fins,,T,W
2016,II,Sphyrna lewini,Elasmobranchii,Carcharhiniformes,Sphyrnidae,Sphyrna,HK,PE,,,1076,fins,,T,W
2016,II,Sphyrna lewini,Elasmobranchii,Carcharhiniformes,Sphyrnidae,Sphyrna,HK,SV,,1109.71,7039.21,fins,kg,T,W
2016,II,Sphyrna lewini,Elasmobranchii,Carcharhiniformes,Sphyrnidae,Sphyrna,MV,US,ZA,,3,fins,,Q,W
2016,II,Sphyrna lewini,Elasmobranchii,Carcharhiniformes,Sphyrnidae,Sphyrna,PE,CR,,5,,fins,,E,W
2016,II,Sphyrna lewini,Elasmobranchii,Carcharhiniformes,Sphyrnidae,Sphyrna,SN,US,ZA,,3,fins,,Q,W
2016,II,Sphyrna lewini,Elasmobranchii,Carcharhiniformes,Sphyrnidae,Sphyrna,US,DO,ZA,3,,fins,,Q,W
2016,II,Sphyrna lewini,Elasmobranchii,Carcharhiniformes,Sphyrnidae,Sphyrna,US,FJ,ZA,3,,fins,,Q,W
2016,II,Sphyrna lewini,Elasmobranchii,Carcharhiniformes,Sphyrnidae,Sphyrna,US,LK,ZA,3,,fins,,Q,W
2016,II,Sphyrna lewini,Elasmobranchii,Carcharhiniformes,Sphyrnidae,Sphyrna,US,SN,US,,3,fins,,S,W
2016,II,Sphyrna lewini,Elasmobranchii,Carcharhiniformes,Sphyrnidae,Sphyrna,US,SN,ZA,3,,fins,,Q,W
2016,II,Sphyrna lewini,Elasmobranchii,Carcharhiniformes,Sphyrnidae,Sphyrna,US,ZA,,3,,fins,,Q,W
2016,II,Sphyrna lewini,Elasmobranchii,Carcharhiniformes,Sphyrnidae,Sphyrna,ZA,US,ZA,,3,fins,,Q,W
2016,II,Sphyrna mokarran,Elasmobranchii,Carcharhiniformes,Sphyrnidae,Sphyrna,DO,US,,,2,fins,,Q,W
2016,II,Sphyrna mokarran,Elasmobranchii,Carcharhiniformes,Sphyrnidae,Sphyrna,FJ,US,,,2,fins,,Q,W
2016,II,Sphyrna mokarran,Elasmobranchii,Carcharhiniformes,Sphyrnidae,Sphyrna,HK,AU,,976.20,1214.28,fins,kg,T,W
2016,II,Sphyrna mokarran,Elasmobranchii,Carcharhiniformes,Sphyrnidae,Sphyrna,HK,AU,,,11.47,fins,,T,W
2016,II,Sphyrna mokarran,Elasmobranchii,Carcharhiniformes,Sphyrnidae,Sphyrna,HK,NI,,177,86,fins,kg,T,W
2016,II,Sphyrna mokarran,Elasmobranchii,Carcharhiniformes,Sphyrnidae,Sphyrna,HK,NI,,,50,fins,,T,W
2016,II,Sphyrna mokarran,Elasmobranchii,Carcharhiniformes,Sphyrnidae,Sphyrna,HK,SG,XX,4750,4750,fins,kg,T,O
2016,II,Sphyrna mokarran,Elasmobranchii,Carcharhiniformes,Sphyrnidae,Sphyrna,MV,US,,,2,fins,,Q,W
2016,II,Sphyrna mokarran,Elasmobranchii,Carcharhiniformes,Sphyrnidae,Sphyrna,SN,US,XX,1,1,fins,,L,I
2016,II,Sphyrna mokarran,Elasmobranchii,Carcharhiniformes,Sphyrnidae,Sphyrna,SN,US,,,2,fins,,Q,W
2016,II,Sphyrna mokarran,Elasmobranchii,Carcharhiniformes,Sphyrnidae,Sphyrna,US,DO,US,2,,fins,,Q,W
2016,II,Sphyrna mokarran,Elasmobranchii,Carcharhiniformes,Sphyrnidae,Sphyrna,US,FJ,US,2,,fins,,Q,W
2016,II,Sphyrna mokarran,Elasmobranchii,Carcharhiniformes,Sphyrnidae,Sphyrna,US,LK,US,2,,fins,,Q,W
2016,II,Sphyrna mokarran,Elasmobranchii,Carcharhiniformes,Sphyrnidae,Sphyrna,US,SN,US,2,,fins,,Q,W
2016,II,Sphyrna mokarran,Elasmobranchii,Carcharhiniformes,Sphyrnidae,Sphyrna,US,SN,US,,2,fins,,S,W
2016,II,Sphyrna mokarran,Elasmobranchii,Carcharhiniformes,Sphyrnidae,Sphyrna,US,ZA,US,2,,fins,,Q,W
2016,II,Sphyrna mokarran,Elasmobranchii,Carcharhiniformes,Sphyrnidae,Sphyrna,ZA,US,,,2,fins,,Q,W
2016,II,Sphyrna zygaena,Elasmobranchii,Carcharhiniformes,Sphyrnidae,Sphyrna,HK,AU,,6.72,6.72,fins,kg,T,W
2016,II,Sphyrna zygaena,Elasmobranchii,Carcharhiniformes,Sphyrnidae,Sphyrna,HK,MX,,10425.246,18757.28,fins,kg,T,W
2016,II,Sphyrna zygaena,Elasmobranchii,Carcharhiniformes,Sphyrnidae,Sphyrna,HK,PE,,,1356,fins,,T,W
2016,II,Sphyrna zygaena,Elasmobranchii,Carcharhiniformes,Sphyrnidae,Sphyrna,PE,CR,,10,,fins,,E,W
2017,II,Acipenser fulvescens,Actinopteri,Acipenseriformes,Acipenseridae,Acipenser,US,CA,,30,,fins,,P,W
2017,II,Acipenser transmontanus,Actinopteri,Acipenseriformes,Acipenseridae,Acipenser,TW,CA,,,1.8,fins,kg,T,C
2017,II,Huso huso,Actinopteri,Acipenseriformes,Acipenseridae,Huso,RU,US,,,15,fins,,S,F
2017,II,Alopias spp.,Elasmobranchii,Lamniformes,Alopiidae,Alopias,FJ,US,,5,,fins,,Q,W
2017,II,Alopias spp.,Elasmobranchii,Lamniformes,Alopiidae,Alopias,HK,SV,,80.45,513.6,fins,kg,T,W
2017,II,Alopias pelagicus,Elasmobranchii,Lamniformes,Alopiidae,Alopias,CN,MX,,,1871.52,fins,kg,T,O
2017,II,Alopias pelagicus,Elasmobranchii,Lamniformes,Alopiidae,Alopias,CV,US,LK,,1,fins,,Q,W
2017,II,Alopias pelagicus,Elasmobranchii,Lamniformes,Alopiidae,Alopias,HK,CR,,,303.05,fins,kg,T,W
2017,II,Alopias pelagicus,Elasmobranchii,Lamniformes,Alopiidae,Alopias,HK,EC,,,16005.9,fins,kg,T,O
2017,II,Alopias pelagicus,Elasmobranchii,Lamniformes,Alopiidae,Alopias,HK,MX,,250,,fins,kg,T,O
2017,II,Alopias pelagicus,Elasmobranchii,Lamniformes,Alopiidae,Alopias,HK,PE,,750,3283.86,fins,kg,T,W
2017,II,Alopias pelagicus,Elasmobranchii,Lamniformes,Alopiidae,Alopias,PE,EC,,,14029,fins,kg,T,O
2017,II,Alopias pelagicus,Elasmobranchii,Lamniformes,Alopiidae,Alopias,PE,EC,,2116,2116,fins,kg,T,W
2017,II,Alopias pelagicus,Elasmobranchii,Lamniformes,Alopiidae,Alopias,US,MR,LK,1,,fins,,Q,W
2017,II,Alopias pelagicus,Elasmobranchii,Lamniformes,Alopiidae,Alopias,US,SN,LK,1,,fins,,Q,W
2017,II,Alopias superciliosus,Elasmobranchii,Lamniformes,Alopiidae,Alopias,CN,MX,,,1500,fins,kg,T,O
2017,II,Alopias superciliosus,Elasmobranchii,Lamniformes,Alopiidae,Alopias,CV,US,,,1,fins,,Q,W
2017,II,Alopias superciliosus,Elasmobranchii,Lamniformes,Alopiidae,Alopias,PE,EC,,,252,fins,kg,T,O
2017,II,Alopias superciliosus,Elasmobranchii,Lamniformes,Alopiidae,Alopias,PE,EC,,44,44,fins,kg,T,W
2017,II,Alopias superciliosus,Elasmobranchii,Lamniformes,Alopiidae,Alopias,US,MR,US,1,,fins,,Q,W
2017,II,Alopias superciliosus,Elasmobranchii,Lamniformes,Alopiidae,Alopias,US,SN,US,1,,fins,,Q,W
2017,II,Alopias vulpinus,Elasmobranchii,Lamniformes,Alopiidae,Alopias,CV,US,,,2,fins,,Q,W
2017,II,Alopias vulpinus,Elasmobranchii,Lamniformes,Alopiidae,Alopias,HK,PE,,,2949.08,fins,kg,T,W
2017,II,Alopias vulpinus,Elasmobranchii,Lamniformes,Alopiidae,Alopias,HK,SC,,,12.30,fins,kg,T,W
2017,II,Alopias vulpinus,Elasmobranchii,Lamniformes,Alopiidae,Alopias,US,MR,US,2,,fins,,Q,W
2017,II,Alopias vulpinus,Elasmobranchii,Lamniformes,Alopiidae,Alopias,US,SN,US,2,,fins,,Q,W
2017,II,Carcharhinus falciformis,Elasmobranchii,Carcharhiniformes,Carcharhinidae,Carcharhinus,CN,MX,,,6033.08,fins,kg,T,O
2017,II,Carcharhinus falciformis,Elasmobranchii,Carcharhiniformes,Carcharhinidae,Carcharhinus,CV,US,LK,,2,fins,,Q,W
2017,II,Carcharhinus falciformis,Elasmobranchii,Carcharhiniformes,Carcharhinidae,Carcharhinus,EC,PE,,,180,fins,kg,T,W
2017,II,Carcharhinus falciformis,Elasmobranchii,Carcharhiniformes,Carcharhinidae,Carcharhinus,FJ,US,,3,,fins,,Q,W
2017,II,Carcharhinus falciformis,Elasmobranchii,Carcharhiniformes,Carcharhinidae,Carcharhinus,HK,CR,,,946,fins,kg,T,W
2017,II,Carcharhinus falciformis,Elasmobranchii,Carcharhiniformes,Carcharhinidae,Carcharhinus,HK,EC,,,1755.8,fins,kg,T,O
2017,II,Carcharhinus falciformis,Elasmobranchii,Carcharhiniformes,Carcharhinidae,Carcharhinus,HK,MX,,1918.65,,fins,kg,T,O
2017,II,Carcharhinus falciformis,Elasmobranchii,Carcharhiniformes,Carcharhinidae,Carcharhinus,HK,PE,,625,2221.98,fins,kg,T,W
2017,II,Carcharhinus falciformis,Elasmobranchii,Carcharhiniformes,Carcharhinidae,Carcharhinus,HK,SV,,722.2,1905.95,fins,kg,T,W
2017,II,Carcharhinus falciformis,Elasmobranchii,Carcharhiniformes,Carcharhinidae,Carcharhinus,PE,EC,,,1530.5,fins,kg,T,O
2017,II,Carcharhinus falciformis,Elasmobranchii,Carcharhiniformes,Carcharhinidae,Carcharhinus,TW,SV,,,37248,fins,kg,T,W
2017,II,Carcharhinus falciformis,Elasmobranchii,Carcharhiniformes,Carcharhinidae,Carcharhinus,US,MR,LK,2,,fins,,Q,W
2017,II,Carcharhinus falciformis,Elasmobranchii,Carcharhiniformes,Carcharhinidae,Carcharhinus,US,SN,LK,2,,fins,,Q,W
2017,II,Carcharhinus longimanus,Elasmobranchii,Carcharhiniformes,Carcharhinidae,Carcharhinus,CV,US,FJ,,4,fins,,Q,W
2017,II,Carcharhinus longimanus,Elasmobranchii,Carcharhiniformes,Carcharhinidae,Carcharhinus,FJ,US,FJ,,4,fins,,Q,W
2017,II,Carcharhinus longimanus,Elasmobranchii,Carcharhiniformes,Carcharhinidae,Carcharhinus,FJ,US,,4,,fins,,Q,W
2017,II,Carcharhinus longimanus,Elasmobranchii,Carcharhiniformes,Carcharhinidae,Carcharhinus,HK,IN,,,660,fins,kg,T,W
2017,II,Carcharhinus longimanus,Elasmobranchii,Carcharhiniformes,Carcharhinidae,Carcharhinus,HK,SC,,11.3,11.30,fins,kg,T,W
2017,II,Carcharhinus longimanus,Elasmobranchii,Carcharhiniformes,Carcharhinidae,Carcharhinus,HK,US,FJ,,4,fins,,Q,W
2017,II,Carcharhinus longimanus,Elasmobranchii,Carcharhiniformes,Carcharhinidae,Carcharhinus,MR,US,FJ,,4,fins,,Q,W
2017,II,Carcharhinus longimanus,Elasmobranchii,Carcharhiniformes,Carcharhinidae,Carcharhinus,PH,US,FJ,,4,fins,,Q,W
2017,II,Carcharhinus longimanus,Elasmobranchii,Carcharhiniformes,Carcharhinidae,Carcharhinus,US,FJ,,4,,fins,,S,W
2017,II,Carcharhinus longimanus,Elasmobranchii,Carcharhiniformes,Carcharhinidae,Carcharhinus,US,HK,FJ,4,,fins,,Q,W
2017,II,Carcharhinus longimanus,Elasmobranchii,Carcharhiniformes,Carcharhinidae,Carcharhinus,US,MR,FJ,4,,fins,,Q,W
2017,II,Carcharhinus longimanus,Elasmobranchii,Carcharhiniformes,Carcharhinidae,Carcharhinus,US,PH,FJ,4,,fins,,Q,W
2017,II,Carcharhinus longimanus,Elasmobranchii,Carcharhiniformes,Carcharhinidae,Carcharhinus,US,SN,FJ,4,,fins,,Q,W
2017,II,Lamna nasus,Elasmobranchii,Lamniformes,Lamnidae,Lamna,CV,US,,,2,fins,,Q,W
2017,II,Lamna nasus,Elasmobranchii,Lamniformes,Lamnidae,Lamna,FJ,US,,2,2,fins,,Q,W
2017,II,Lamna nasus,Elasmobranchii,Lamniformes,Lamnidae,Lamna,HK,SG,XX,340,340,fins,kg,T,O
2017,II,Lamna nasus,Elasmobranchii,Lamniformes,Lamnidae,Lamna,HK,US,,,2,fins,,Q,W
2017,II,Lamna nasus,Elasmobranchii,Lamniformes,Lamnidae,Lamna,MR,US,,,2,fins,,Q,W
2017,II,Lamna nasus,Elasmobranchii,Lamniformes,Lamnidae,Lamna,PH,US,,,2,fins,,Q,W
2017,II,Lamna nasus,Elasmobranchii,Lamniformes,Lamnidae,Lamna,US,FJ,US,2,,fins,,S,W
2017,II,Lamna nasus,Elasmobranchii,Lamniformes,Lamnidae,Lamna,US,HK,US,2,,fins,,Q,W
2017,II,Lamna nasus,Elasmobranchii,Lamniformes,Lamnidae,Lamna,US,MR,US,2,,fins,,Q,W
2017,II,Lamna nasus,Elasmobranchii,Lamniformes,Lamnidae,Lamna,US,PH,US,2,,fins,,Q,W
2017,II,Lamna nasus,Elasmobranchii,Lamniformes,Lamnidae,Lamna,US,SN,US,2,,fins,,Q,W
2017,II,Sphyrna lewini,Elasmobranchii,Carcharhiniformes,Sphyrnidae,Sphyrna,CN,AU,,,54.69,fins,kg,T,W
2017,II,Sphyrna lewini,Elasmobranchii,Carcharhiniformes,Sphyrnidae,Sphyrna,CN,MX,,,5410.79,fins,kg,T,W
2017,II,Sphyrna lewini,Elasmobranchii,Carcharhiniformes,Sphyrnidae,Sphyrna,CV,US,ZA,,3,fins,,Q,W
2017,II,Sphyrna lewini,Elasmobranchii,Carcharhiniformes,Sphyrnidae,Sphyrna,FJ,US,ZA,,3,fins,,Q,W
2017,II,Sphyrna lewini,Elasmobranchii,Carcharhiniformes,Sphyrnidae,Sphyrna,FJ,US,,3,,fins,,Q,W
2017,II,Sphyrna lewini,Elasmobranchii,Carcharhiniformes,Sphyrnidae,Sphyrna,HK,AU,,173.21,801.43,fins,kg,T,W
2017,II,Sphyrna lewini,Elasmobranchii,Carcharhiniformes,Sphyrnidae,Sphyrna,HK,MX,,3502.05,6349.38,fins,kg,T,W
2017,II,Sphyrna lewini,Elasmobranchii,Carcharhiniformes,Sphyrnidae,Sphyrna,HK,PE,,395,941.38,fins,kg,T,W
2017,II,Sphyrna lewini,Elasmobranchii,Carcharhiniformes,Sphyrnidae,Sphyrna,HK,SC,,5.55,5.55,fins,kg,T,W
2017,II,Sphyrna lewini,Elasmobranchii,Carcharhiniformes,Sphyrnidae,Sphyrna,HK,SV,,1686.70,675.95,fins,kg,T,W
2017,II,Sphyrna lewini,Elasmobranchii,Carcharhiniformes,Sphyrnidae,Sphyrna,HK,US,ZA,,3,fins,,Q,W
2017,II,Sphyrna lewini,Elasmobranchii,Carcharhiniformes,Sphyrnidae,Sphyrna,HK,US,,,171,fins,kg,T,W
2017,II,Sphyrna lewini,Elasmobranchii,Carcharhiniformes,Sphyrnidae,Sphyrna,MR,US,ZA,,3,fins,,Q,W
2017,II,Sphyrna lewini,Elasmobranchii,Carcharhiniformes,Sphyrnidae,Sphyrna,PH,US,ZA,,3,fins,,Q,W
2017,II,Sphyrna lewini,Elasmobranchii,Carcharhiniformes,Sphyrnidae,Sphyrna,US,FJ,ZA,3,,fins,,S,W
2017,II,Sphyrna lewini,Elasmobranchii,Carcharhiniformes,Sphyrnidae,Sphyrna,US,HK,PA,65,,fins,kg,T,I
2017,II,Sphyrna lewini,Elasmobranchii,Carcharhiniformes,Sphyrnidae,Sphyrna,US,MR,ZA,3,,fins,,Q,W
2017,II,Sphyrna lewini,Elasmobranchii,Carcharhiniformes,Sphyrnidae,Sphyrna,US,PH,ZA,3,,fins,,Q,W
2017,II,Sphyrna lewini,Elasmobranchii,Carcharhiniformes,Sphyrnidae,Sphyrna,US,SN,ZA,3,,fins,,Q,W
2017,II,Sphyrna mokarran,Elasmobranchii,Carcharhiniformes,Sphyrnidae,Sphyrna,CN,AU,,,114.84,fins,kg,T,W
2017,II,Sphyrna mokarran,Elasmobranchii,Carcharhiniformes,Sphyrnidae,Sphyrna,CN,MX,,,141.12,fins,kg,T,W
2017,II,Sphyrna mokarran,Elasmobranchii,Carcharhiniformes,Sphyrnidae,Sphyrna,CV,US,,,2,fins,,Q,W
2017,II,Sphyrna mokarran,Elasmobranchii,Carcharhiniformes,Sphyrnidae,Sphyrna,FJ,US,,2,2,fins,,Q,W
2017,II,Sphyrna mokarran,Elasmobranchii,Carcharhiniformes,Sphyrnidae,Sphyrna,HK,AU,,905.97,610.86,fins,kg,T,W
2017,II,Sphyrna mokarran,Elasmobranchii,Carcharhiniformes,Sphyrnidae,Sphyrna,HK,NI,,62.16,62.16,fins,kg,T,W
2017,II,Sphyrna mokarran,Elasmobranchii,Carcharhiniformes,Sphyrnidae,Sphyrna,HK,SC,,6.25,6.25,fins,kg,T,W
2017,II,Sphyrna mokarran,Elasmobranchii,Carcharhiniformes,Sphyrnidae,Sphyrna,HK,SV,,65.9,,fins,kg,T,W
2017,II,Sphyrna mokarran,Elasmobranchii,Carcharhiniformes,Sphyrnidae,Sphyrna,HK,US,,,266,fins,kg,T,W
2017,II,Sphyrna mokarran,Elasmobranchii,Carcharhiniformes,Sphyrnidae,Sphyrna,HK,US,,,2,fins,,Q,W
2017,II,Sphyrna mokarran,Elasmobranchii,Carcharhiniformes,Sphyrnidae,Sphyrna,MR,US,,,2,fins,,Q,W
2017,II,Sphyrna mokarran,Elasmobranchii,Carcharhiniformes,Sphyrnidae,Sphyrna,PH,US,,,2,fins,,Q,W
2017,II,Sphyrna mokarran,Elasmobranchii,Carcharhiniformes,Sphyrnidae,Sphyrna,US,FJ,US,2,,fins,,S,W
2017,II,Sphyrna mokarran,Elasmobranchii,Carcharhiniformes,Sphyrnidae,Sphyrna,US,HK,US,2,,fins,,Q,W
2017,II,Sphyrna mokarran,Elasmobranchii,Carcharhiniformes,Sphyrnidae,Sphyrna,US,MR,US,2,,fins,,Q,W
2017,II,Sphyrna mokarran,Elasmobranchii,Carcharhiniformes,Sphyrnidae,Sphyrna,US,PH,US,2,,fins,,Q,W
2017,II,Sphyrna mokarran,Elasmobranchii,Carcharhiniformes,Sphyrnidae,Sphyrna,US,SN,US,2,,fins,,Q,W
2017,II,Sphyrna zygaena,Elasmobranchii,Carcharhiniformes,Sphyrnidae,Sphyrna,CN,AU,,,1.24,fins,kg,T,W
2017,II,Sphyrna zygaena,Elasmobranchii,Carcharhiniformes,Sphyrnidae,Sphyrna,CN,MX,,,14324.86,fins,kg,T,W
2017,II,Sphyrna zygaena,Elasmobranchii,Carcharhiniformes,Sphyrnidae,Sphyrna,HK,AU,,0.59,0.59,fins,kg,T,W
2017,II,Sphyrna zygaena,Elasmobranchii,Carcharhiniformes,Sphyrnidae,Sphyrna,HK,MX,,5978.25,7617,fins,kg,T,W
2017,II,Sphyrna zygaena,Elasmobranchii,Carcharhiniformes,Sphyrnidae,Sphyrna,HK,PE,,1100.22,8412.48,fins,kg,T,W
2018,I,Balaenoptera acutorostrata,Mammalia,Cetacea,Balaenopteridae,Balaenoptera,CN,GB,CN,,1,fins,,E,W
2018,I,Balaenoptera acutorostrata,Mammalia,Cetacea,Balaenopteridae,Balaenoptera,GB,CN,,1,,fins,,E,W
2018,I,Phocoena sinus,Mammalia,Cetacea,Phocoenidae,Phocoena,US,MX,,,1,fins,,S,W
2018,II,Acipenser fulvescens,Actinopteri,Acipenseriformes,Acipenseridae,Acipenser,US,CA,,,48,fins,,S,W
2018,II,Acipenser transmontanus,Actinopteri,Acipenseriformes,Acipenseridae,Acipenser,RU,BY,,,380,fins,kg,T,C
2018,II,Alopias spp.,Elasmobranchii,Lamniformes,Alopiidae,Alopias,HK,SV,,2884.24,471.65,fins,kg,T,W
2018,II,Alopias spp.,Elasmobranchii,Lamniformes,Alopiidae,Alopias,HK,SV,,,340,fins,,T,W
2018,II,Alopias spp.,Elasmobranchii,Lamniformes,Alopiidae,Alopias,HK,YE,,,4100,fins,kg,T,W
2018,II,Alopias pelagicus,Elasmobranchii,Lamniformes,Alopiidae,Alopias,BD,US,LK,,1,fins,,Q,O
2018,II,Alopias pelagicus,Elasmobranchii,Lamniformes,Alopiidae,Alopias,CN,MX,,,146.88,fins,kg,T,O
2018,II,Alopias pelagicus,Elasmobranchii,Lamniformes,Alopiidae,Alopias,CN,MX,,,3080.02,fins,kg,T,W
2018,II,Alopias pelagicus,Elasmobranchii,Lamniformes,Alopiidae,Alopias,CN,US,LK,,1,fins,,Q,O
2018,II,Alopias pelagicus,Elasmobranchii,Lamniformes,Alopiidae,Alopias,CN,US,XX,1,,fins,,Q,O
2018,II,Alopias pelagicus,Elasmobranchii,Lamniformes,Alopiidae,Alopias,FJ,XX,,1,,fins,,Q,W
2018,II,Alopias pelagicus,Elasmobranchii,Lamniformes,Alopiidae,Alopias,HK,CR,,2880.43,,fins,kg,T,W
2018,II,Alopias pelagicus,Elasmobranchii,Lamniformes,Alopiidae,Alopias,HK,GT,,,680,fins,kg,T,O
2018,II,Alopias pelagicus,Elasmobranchii,Lamniformes,Alopiidae,Alopias,HK,MX,,1353.34,,fins,kg,T,O
2018,II,Alopias pelagicus,Elasmobranchii,Lamniformes,Alopiidae,Alopias,HK,MX,,3064.82,,fins,kg,T,W
2018,II,Alopias pelagicus,Elasmobranchii,Lamniformes,Alopiidae,Alopias,HK,PE,EC,38655.7,,fins,kg,T,O
2018,II,Alopias pelagicus,Elasmobranchii,Lamniformes,Alopiidae,Alopias,HK,PE,EC,11138.4,89535.7,fins,kg,T,W
2018,II,Alopias pelagicus,Elasmobranchii,Lamniformes,Alopiidae,Alopias,HK,PE,,13950,19950,fins,kg,T,W
2018,II,Alopias pelagicus,Elasmobranchii,Lamniformes,Alopiidae,Alopias,HK,US,LK,,1,fins,,Q,O
2018,II,Alopias pelagicus,Elasmobranchii,Lamniformes,Alopiidae,Alopias,LK,US,LK,,1,fins,,Q,O
2018,II,Alopias pelagicus,Elasmobranchii,Lamniformes,Alopiidae,Alopias,PE,EC,,,86830.7,fins,kg,T,O
2018,II,Alopias pelagicus,Elasmobranchii,Lamniformes,Alopiidae,Alopias,PE,EC,,92645.2,5296,fins,kg,T,W
2018,II,Alopias pelagicus,Elasmobranchii,Lamniformes,Alopiidae,Alopias,PH,US,LK,,1,fins,,Q,O
2018,II,Alopias pelagicus,Elasmobranchii,Lamniformes,Alopiidae,Alopias,TW,US,LK,,1,fins,,Q,O
2018,II,Alopias pelagicus,Elasmobranchii,Lamniformes,Alopiidae,Alopias,US,BD,LK,1,,fins,,Q,O
2018,II,Alopias pelagicus,Elasmobranchii,Lamniformes,Alopiidae,Alopias,US,CN,XX,,1,fins,,Q,O
2018,II,Alopias pelagicus,Elasmobranchii,Lamniformes,Alopiidae,Alopias,US,FJ,LK,1,,fins,,Q,O
2018,II,Alopias pelagicus,Elasmobranchii,Lamniformes,Alopiidae,Alopias,US,FJ,,,1,fins,,Q,W
2018,II,Alopias pelagicus,Elasmobranchii,Lamniformes,Alopiidae,Alopias,US,HK,LK,1,,fins,,Q,W
2018,II,Alopias pelagicus,Elasmobranchii,Lamniformes,Alopiidae,Alopias,US,HK,LK,1,,fins,,S,O
2018,II,Alopias pelagicus,Elasmobranchii,Lamniformes,Alopiidae,Alopias,US,LK,,1,,fins,,Q,O
2018,II,Alopias pelagicus,Elasmobranchii,Lamniformes,Alopiidae,Alopias,US,TW,LK,1,,fins,,E,O
2018,II,Alopias pelagicus,Elasmobranchii,Lamniformes,Alopiidae,Alopias,US,ZA,LK,1,,fins,,Q,O
2018,II,Alopias pelagicus,Elasmobranchii,Lamniformes,Alopiidae,Alopias,VN,PE,EC,,14368.1,fins,kg,T,W
2018,II,Alopias pelagicus,Elasmobranchii,Lamniformes,Alopiidae,Alopias,VN,PE,,,6800,fins,kg,T,W
2018,II,Alopias pelagicus,Elasmobranchii,Lamniformes,Alopiidae,Alopias,ZA,US,LK,,1,fins,,Q,O
2018,II,Alopias superciliosus,Elasmobranchii,Lamniformes,Alopiidae,Alopias,BD,US,,,1,fins,,Q,O
2018,II,Alopias superciliosus,Elasmobranchii,Lamniformes,Alopiidae,Alopias,CN,SN,,,100,fins,kg,T,W
2018,II,Alopias superciliosus,Elasmobranchii,Lamniformes,Alopiidae,Alopias,CN,US,XX,1,,fins,,Q,O
2018,II,Alopias superciliosus,Elasmobranchii,Lamniformes,Alopiidae,Alopias,CN,US,,,1,fins,,Q,O
2018,II,Alopias superciliosus,Elasmobranchii,Lamniformes,Alopiidae,Alopias,FJ,XX,,1,,fins,,Q,W
2018,II,Alopias superciliosus,Elasmobranchii,Lamniformes,Alopiidae,Alopias,HK,PE,EC,2518.7,,fins,kg,T,O
2018,II,Alopias superciliosus,Elasmobranchii,Lamniformes,Alopiidae,Alopias,HK,PE,EC,971,5243,fins,kg,T,W
2018,II,Alopias superciliosus,Elasmobranchii,Lamniformes,Alopiidae,Alopias,HK,SN,,100,,fins,kg,T,W
2018,II,Alopias superciliosus,Elasmobranchii,Lamniformes,Alopiidae,Alopias,HK,US,,,1,fins,,Q,O
2018,II,Alopias superciliosus,Elasmobranchii,Lamniformes,Alopiidae,Alopias,LK,US,,,1,fins,,Q,O
2018,II,Alopias superciliosus,Elasmobranchii,Lamniformes,Alopiidae,Alopias,PE,EC,,,4782,fins,kg,T,O
2018,II,Alopias superciliosus,Elasmobranchii,Lamniformes,Alopiidae,Alopias,PE,EC,,8669,143,fins,kg,T,W
2018,II,Alopias superciliosus,Elasmobranchii,Lamniformes,Alopiidae,Alopias,PH,US,,,1,fins,,Q,O
2018,II,Alopias superciliosus,Elasmobranchii,Lamniformes,Alopiidae,Alopias,TW,US,,,1,fins,,Q,O
2018,II,Alopias superciliosus,Elasmobranchii,Lamniformes,Alopiidae,Alopias,US,BD,US,1,,fins,,Q,O
2018,II,Alopias superciliosus,Elasmobranchii,Lamniformes,Alopiidae,Alopias,US,CN,XX,,1,fins,,Q,O
2018,II,Alopias superciliosus,Elasmobranchii,Lamniformes,Alopiidae,Alopias,US,FJ,US,1,,fins,,Q,O
2018,II,Alopias superciliosus,Elasmobranchii,Lamniformes,Alopiidae,Alopias,US,FJ,,,1,fins,,Q,W
2018,II,Alopias superciliosus,Elasmobranchii,Lamniformes,Alopiidae,Alopias,US,HK,US,1,,fins,,Q,W
2018,II,Alopias superciliosus,Elasmobranchii,Lamniformes,Alopiidae,Alopias,US,HK,US,1,,fins,,S,O
2018,II,Alopias superciliosus,Elasmobranchii,Lamniformes,Alopiidae,Alopias,US,LK,US,1,,fins,,Q,O
2018,II,Alopias superciliosus,Elasmobranchii,Lamniformes,Alopiidae,Alopias,US,TW,US,1,,fins,,E,O
2018,II,Alopias superciliosus,Elasmobranchii,Lamniformes,Alopiidae,Alopias,US,ZA,US,1,,fins,,Q,O
2018,II,Alopias superciliosus,Elasmobranchii,Lamniformes,Alopiidae,Alopias,VN,PE,EC,,815,fins,kg,T,W
2018,II,Alopias superciliosus,Elasmobranchii,Lamniformes,Alopiidae,Alopias,ZA,US,,,1,fins,,Q,O
2018,II,Alopias vulpinus,Elasmobranchii,Lamniformes,Alopiidae,Alopias,BD,US,,,2,fins,,Q,O
2018,II,Alopias vulpinus,Elasmobranchii,Lamniformes,Alopiidae,Alopias,CN,US,XX,2,,fins,,Q,O
2018,II,Alopias vulpinus,Elasmobranchii,Lamniformes,Alopiidae,Alopias,CN,US,,,2,fins,,Q,O
2018,II,Alopias vulpinus,Elasmobranchii,Lamniformes,Alopiidae,Alopias,FJ,XX,,2,,fins,,Q,W
2018,II,Alopias vulpinus,Elasmobranchii,Lamniformes,Alopiidae,Alopias,HK,KR,,610,610,fins,kg,T,W
2018,II,Alopias vulpinus,Elasmobranchii,Lamniformes,Alopiidae,Alopias,HK,PE,EC,0.1,,fins,kg,T,O
2018,II,Alopias vulpinus,Elasmobranchii,Lamniformes,Alopiidae,Alopias,HK,PE,EC,,0.2,fins,kg,T,W
2018,II,Alopias vulpinus,Elasmobranchii,Lamniformes,Alopiidae,Alopias,HK,PE,,6679.1,,fins,kg,T,O
2018,II,Alopias vulpinus,Elasmobranchii,Lamniformes,Alopiidae,Alopias,HK,PE,,26418.16,57252.18,fins,kg,T,W
2018,II,Alopias vulpinus,Elasmobranchii,Lamniformes,Alopiidae,Alopias,HK,US,,,2,fins,,Q,O
2018,II,Alopias vulpinus,Elasmobranchii,Lamniformes,Alopiidae,Alopias,LK,US,,,2,fins,,Q,O
2018,II,Alopias vulpinus,Elasmobranchii,Lamniformes,Alopiidae,Alopias,PE,EC,,,0.1,fins,kg,T,O
2018,II,Alopias vulpinus,Elasmobranchii,Lamniformes,Alopiidae,Alopias,PE,EC,,0.1,,fins,kg,T,W
2018,II,Alopias vulpinus,Elasmobranchii,Lamniformes,Alopiidae,Alopias,PH,US,,,2,fins,,Q,O
2018,II,Alopias vulpinus,Elasmobranchii,Lamniformes,Alopiidae,Alopias,TW,US,,,2,fins,,Q,O
2018,II,Alopias vulpinus,Elasmobranchii,Lamniformes,Alopiidae,Alopias,US,BD,US,2,,fins,,Q,O
2018,II,Alopias vulpinus,Elasmobranchii,Lamniformes,Alopiidae,Alopias,US,CN,XX,,2,fins,,Q,O
2018,II,Alopias vulpinus,Elasmobranchii,Lamniformes,Alopiidae,Alopias,US,FJ,US,2,,fins,,Q,O
2018,II,Alopias vulpinus,Elasmobranchii,Lamniformes,Alopiidae,Alopias,US,FJ,,,2,fins,,Q,W
2018,II,Alopias vulpinus,Elasmobranchii,Lamniformes,Alopiidae,Alopias,US,HK,US,2,,fins,,Q,W
2018,II,Alopias vulpinus,Elasmobranchii,Lamniformes,Alopiidae,Alopias,US,HK,US,2,,fins,,S,O
2018,II,Alopias vulpinus,Elasmobranchii,Lamniformes,Alopiidae,Alopias,US,LK,US,2,,fins,,Q,O
2018,II,Alopias vulpinus,Elasmobranchii,Lamniformes,Alopiidae,Alopias,US,TW,US,2,,fins,,E,O
2018,II,Alopias vulpinus,Elasmobranchii,Lamniformes,Alopiidae,Alopias,US,ZA,US,2,,fins,,Q,O
2018,II,Alopias vulpinus,Elasmobranchii,Lamniformes,Alopiidae,Alopias,ZA,US,,,2,fins,,Q,O
2018,II,Carcharhinus falciformis,Elasmobranchii,Carcharhiniformes,Carcharhinidae,Carcharhinus,AE,OM,,6,,fins,,E,W
2018,II,Carcharhinus falciformis,Elasmobranchii,Carcharhiniformes,Carcharhinidae,Carcharhinus,BD,US,LK,,3,fins,,Q,O
2018,II,Carcharhinus falciformis,Elasmobranchii,Carcharhiniformes,Carcharhinidae,Carcharhinus,BJ,SN,XX,,1,fins,,S,W
2018,II,Carcharhinus falciformis,Elasmobranchii,Carcharhiniformes,Carcharhinidae,Carcharhinus,CI,GN,BJ,1,,fins,,S,W
2018,II,Carcharhinus falciformis,Elasmobranchii,Carcharhiniformes,Carcharhinidae,Carcharhinus,CN,MX,,,413.55,fins,kg,T,O
2018,II,Carcharhinus falciformis,Elasmobranchii,Carcharhiniformes,Carcharhinidae,Carcharhinus,CN,MX,,,5655.60,fins,kg,T,W
2018,II,Carcharhinus falciformis,Elasmobranchii,Carcharhiniformes,Carcharhinidae,Carcharhinus,CN,OM,,,300,fins,kg,T,W
2018,II,Carcharhinus falciformis,Elasmobranchii,Carcharhiniformes,Carcharhinidae,Carcharhinus,CN,US,LK,,2,fins,,Q,O
2018,II,Carcharhinus falciformis,Elasmobranchii,Carcharhiniformes,Carcharhinidae,Carcharhinus,CN,US,XX,2,,fins,,Q,O
2018,II,Carcharhinus falciformis,Elasmobranchii,Carcharhiniformes,Carcharhinidae,Carcharhinus,FJ,XX,,3,,fins,,Q,W
2018,II,Carcharhinus falciformis,Elasmobranchii,Carcharhiniformes,Carcharhinidae,Carcharhinus,GN,CI,BJ,,1,fins,,S,W
2018,II,Carcharhinus falciformis,Elasmobranchii,Carcharhiniformes,Carcharhinidae,Carcharhinus,HK,CR,,11660.33,,fins,kg,T,W
2018,II,Carcharhinus falciformis,Elasmobranchii,Carcharhiniformes,Carcharhinidae,Carcharhinus,HK,GT,,,2555,fins,kg,T,O
2018,II,Carcharhinus falciformis,Elasmobranchii,Carcharhiniformes,Carcharhinidae,Carcharhinus,HK,KR,XX,295,,fins,kg,T,W
2018,II,Carcharhinus falciformis,Elasmobranchii,Carcharhiniformes,Carcharhinidae,Carcharhinus,HK,KR,,,295,fins,kg,T,W
2018,II,Carcharhinus falciformis,Elasmobranchii,Carcharhiniformes,Carcharhinidae,Carcharhinus,HK,LK,,,2125,fins,kg,T,C
2018,II,Carcharhinus falciformis,Elasmobranchii,Carcharhiniformes,Carcharhinidae,Carcharhinus,HK,LK,,,29435,fins,kg,T,W
2018,II,Carcharhinus falciformis,Elasmobranchii,Carcharhiniformes,Carcharhinidae,Carcharhinus,HK,MX,,3054.55,,fins,kg,T,O
2018,II,Carcharhinus falciformis,Elasmobranchii,Carcharhiniformes,Carcharhinidae,Carcharhinus,HK,MX,,2559.75,,fins,kg,T,W
2018,II,Carcharhinus falciformis,Elasmobranchii,Carcharhiniformes,Carcharhinidae,Carcharhinus,HK,PE,EC,4071.7,,fins,kg,T,O
2018,II,Carcharhinus falciformis,Elasmobranchii,Carcharhiniformes,Carcharhinidae,Carcharhinus,HK,PE,EC,1010.7,10122.6,fins,kg,T,W
2018,II,Carcharhinus falciformis,Elasmobranchii,Carcharhiniformes,Carcharhinidae,Carcharhinus,HK,PE,,2433.46,6205,fins,kg,T,W
2018,II,Carcharhinus falciformis,Elasmobranchii,Carcharhiniformes,Carcharhinidae,Carcharhinus,HK,SV,,11052.55,1748.85,fins,kg,T,W
2018,II,Carcharhinus falciformis,Elasmobranchii,Carcharhiniformes,Carcharhinidae,Carcharhinus,HK,SV,,,2737.01,fins,,T,W
2018,II,Carcharhinus falciformis,Elasmobranchii,Carcharhiniformes,Carcharhinidae,Carcharhinus,HK,US,LK,,3,fins,,Q,O
2018,II,Carcharhinus falciformis,Elasmobranchii,Carcharhiniformes,Carcharhinidae,Carcharhinus,HK,YE,,,1200,fins,kg,T,W
2018,II,Carcharhinus falciformis,Elasmobranchii,Carcharhiniformes,Carcharhinidae,Carcharhinus,LK,US,LK,,3,fins,,Q,O
2018,II,Carcharhinus falciformis,Elasmobranchii,Carcharhiniformes,Carcharhinidae,Carcharhinus,PE,EC,,,8714.1,fins,kg,T,O
2018,II,Carcharhinus falciformis,Elasmobranchii,Carcharhiniformes,Carcharhinidae,Carcharhinus,PE,EC,,11158.8,920,fins,kg,T,W
2018,II,Carcharhinus falciformis,Elasmobranchii,Carcharhiniformes,Carcharhinidae,Carcharhinus,PH,US,LK,,3,fins,,Q,O
2018,II,Carcharhinus falciformis,Elasmobranchii,Carcharhiniformes,Carcharhinidae,Carcharhinus,TW,US,LK,,3,fins,,Q,O
2018,II,Carcharhinus falciformis,Elasmobranchii,Carcharhiniformes,Carcharhinidae,Carcharhinus,US,BD,LK,3,,fins,,Q,W
2018,II,Carcharhinus falciformis,Elasmobranchii,Carcharhiniformes,Carcharhinidae,Carcharhinus,US,CN,XX,,2,fins,,Q,O
2018,II,Carcharhinus falciformis,Elasmobranchii,Carcharhiniformes,Carcharhinidae,Carcharhinus,US,FJ,LK,3,,fins,,Q,O
2018,II,Carcharhinus falciformis,Elasmobranchii,Carcharhiniformes,Carcharhinidae,Carcharhinus,US,FJ,,,3,fins,,Q,W
2018,II,Carcharhinus falciformis,Elasmobranchii,Carcharhiniformes,Carcharhinidae,Carcharhinus,US,HK,LK,2,,fins,,Q,W
2018,II,Carcharhinus falciformis,Elasmobranchii,Carcharhiniformes,Carcharhinidae,Carcharhinus,US,HK,LK,3,,fins,,S,W
2018,II,Carcharhinus falciformis,Elasmobranchii,Carcharhiniformes,Carcharhinidae,Carcharhinus,US,LK,,3,,fins,,Q,O
2018,II,Carcharhinus falciformis,Elasmobranchii,Carcharhiniformes,Carcharhinidae,Carcharhinus,US,MX,,22,,fins,kg,T,I
2018,II,Carcharhinus falciformis,Elasmobranchii,Carcharhiniformes,Carcharhinidae,Carcharhinus,US,TW,LK,3,,fins,,E,O
2018,II,Carcharhinus falciformis,Elasmobranchii,Carcharhiniformes,Carcharhinidae,Carcharhinus,US,ZA,LK,3,,fins,,Q,O
2018,II,Carcharhinus falciformis,Elasmobranchii,Carcharhiniformes,Carcharhinidae,Carcharhinus,VN,PE,EC,,1470.2,fins,kg,T,W
2018,II,Carcharhinus falciformis,Elasmobranchii,Carcharhiniformes,Carcharhinidae,Carcharhinus,VN,PE,,,48,fins,kg,T,W
2018,II,Carcharhinus falciformis,Elasmobranchii,Carcharhiniformes,Carcharhinidae,Carcharhinus,ZA,US,LK,,3,fins,,Q,O
2018,II,Carcharhinus longimanus,Elasmobranchii,Carcharhiniformes,Carcharhinidae,Carcharhinus,AE,OM,,6,,fins,,E,W
2018,II,Carcharhinus longimanus,Elasmobranchii,Carcharhiniformes,Carcharhinidae,Carcharhinus,BD,US,FJ,,4,fins,,Q,O
2018,II,Carcharhinus longimanus,Elasmobranchii,Carcharhiniformes,Carcharhinidae,Carcharhinus,BJ,SN,XX,,1,fins,,S,W
2018,II,Carcharhinus longimanus,Elasmobranchii,Carcharhiniformes,Carcharhinidae,Carcharhinus,CI,GN,BJ,1,,fins,,S,W
2018,II,Carcharhinus longimanus,Elasmobranchii,Carcharhiniformes,Carcharhinidae,Carcharhinus,CN,OM,,,200,fins,kg,T,W
2018,II,Carcharhinus longimanus,Elasmobranchii,Carcharhiniformes,Carcharhinidae,Carcharhinus,CN,US,FJ,,4,fins,,Q,W
2018,II,Carcharhinus longimanus,Elasmobranchii,Carcharhiniformes,Carcharhinidae,Carcharhinus,CN,US,XX,4,,fins,,Q,O
2018,II,Carcharhinus longimanus,Elasmobranchii,Carcharhiniformes,Carcharhinidae,Carcharhinus,FJ,XX,,4,,fins,,Q,W
2018,II,Carcharhinus longimanus,Elasmobranchii,Carcharhiniformes,Carcharhinidae,Carcharhinus,GN,CI,BJ,,1,fins,,S,W
2018,II,Carcharhinus longimanus,Elasmobranchii,Carcharhiniformes,Carcharhinidae,Carcharhinus,HK,US,FJ,,4,fins,,Q,O
2018,II,Carcharhinus longimanus,Elasmobranchii,Carcharhiniformes,Carcharhinidae,Carcharhinus,HK,YE,,,970,fins,kg,T,W
2018,II,Carcharhinus longimanus,Elasmobranchii,Carcharhiniformes,Carcharhinidae,Carcharhinus,LK,US,FJ,,4,fins,,Q,O
2018,II,Carcharhinus longimanus,Elasmobranchii,Carcharhiniformes,Carcharhinidae,Carcharhinus,OM,US,XX,1,1,fins,,L,I
2018,II,Carcharhinus longimanus,Elasmobranchii,Carcharhiniformes,Carcharhinidae,Carcharhinus,PH,US,FJ,,4,fins,,Q,O
2018,II,Carcharhinus longimanus,Elasmobranchii,Carcharhiniformes,Carcharhinidae,Carcharhinus,TW,US,FJ,,4,fins,,Q,O
2018,II,Carcharhinus longimanus,Elasmobranchii,Carcharhiniformes,Carcharhinidae,Carcharhinus,US,BD,FJ,4,,fins,,Q,O
2018,II,Carcharhinus longimanus,Elasmobranchii,Carcharhiniformes,Carcharhinidae,Carcharhinus,US,CN,XX,,4,fins,,Q,O
2018,II,Carcharhinus longimanus,Elasmobranchii,Carcharhiniformes,Carcharhinidae,Carcharhinus,US,FJ,,4,,fins,,Q,O
2018,II,Carcharhinus longimanus,Elasmobranchii,Carcharhiniformes,Carcharhinidae,Carcharhinus,US,FJ,,,4,fins,,Q,W
2018,II,Carcharhinus longimanus,Elasmobranchii,Carcharhiniformes,Carcharhinidae,Carcharhinus,US,HK,FJ,4,,fins,,Q,W
2018,II,Carcharhinus longimanus,Elasmobranchii,Carcharhiniformes,Carcharhinidae,Carcharhinus,US,HK,FJ,4,,fins,,S,O
2018,II,Carcharhinus longimanus,Elasmobranchii,Carcharhiniformes,Carcharhinidae,Carcharhinus,US,LK,FJ,4,,fins,,Q,O
2018,II,Carcharhinus longimanus,Elasmobranchii,Carcharhiniformes,Carcharhinidae,Carcharhinus,US,TW,FJ,4,,fins,,E,O
2018,II,Carcharhinus longimanus,Elasmobranchii,Carcharhiniformes,Carcharhinidae,Carcharhinus,US,ZA,FJ,4,,fins,,Q,O
2018,II,Carcharhinus longimanus,Elasmobranchii,Carcharhiniformes,Carcharhinidae,Carcharhinus,ZA,US,FJ,,4,fins,,Q,O
2018,II,Tursiops truncatus,Mammalia,Cetacea,Delphinidae,Tursiops,CN,GB,CN,,1,fins,,E,W
2018,II,Tursiops truncatus,Mammalia,Cetacea,Delphinidae,Tursiops,GB,CN,,1,,fins,,E,W
2018,II,Lamna nasus,Elasmobranchii,Lamniformes,Lamnidae,Lamna,BD,US,,,2,fins,,Q,O
2018,II,Lamna nasus,Elasmobranchii,Lamniformes,Lamnidae,Lamna,CN,US,XX,2,,fins,,Q,O
2018,II,Lamna nasus,Elasmobranchii,Lamniformes,Lamnidae,Lamna,CN,US,,,2,fins,,Q,O
2018,II,Lamna nasus,Elasmobranchii,Lamniformes,Lamnidae,Lamna,FJ,XX,,2,,fins,,Q,W
2018,II,Lamna nasus,Elasmobranchii,Lamniformes,Lamnidae,Lamna,HK,US,,,2,fins,,Q,O
2018,II,Lamna nasus,Elasmobranchii,Lamniformes,Lamnidae,Lamna,LK,US,,,2,fins,,Q,O
2018,II,Lamna nasus,Elasmobranchii,Lamniformes,Lamnidae,Lamna,PH,US,,,2,fins,,Q,O
2018,II,Lamna nasus,Elasmobranchii,Lamniformes,Lamnidae,Lamna,TW,US,,,2,fins,,Q,O
2018,II,Lamna nasus,Elasmobranchii,Lamniformes,Lamnidae,Lamna,US,BD,US,2,,fins,,Q,O
2018,II,Lamna nasus,Elasmobranchii,Lamniformes,Lamnidae,Lamna,US,CN,XX,,2,fins,,Q,O
2018,II,Lamna nasus,Elasmobranchii,Lamniformes,Lamnidae,Lamna,US,FJ,US,2,,fins,,Q,O
2018,II,Lamna nasus,Elasmobranchii,Lamniformes,Lamnidae,Lamna,US,FJ,,,2,fins,,Q,W
2018,II,Lamna nasus,Elasmobranchii,Lamniformes,Lamnidae,Lamna,US,HK,US,2,,fins,,Q,W
2018,II,Lamna nasus,Elasmobranchii,Lamniformes,Lamnidae,Lamna,US,HK,US,2,,fins,,S,O
2018,II,Lamna nasus,Elasmobranchii,Lamniformes,Lamnidae,Lamna,US,LK,US,2,,fins,,Q,O
2018,II,Lamna nasus,Elasmobranchii,Lamniformes,Lamnidae,Lamna,US,TW,US,2,,fins,,E,O
2018,II,Lamna nasus,Elasmobranchii,Lamniformes,Lamnidae,Lamna,US,ZA,US,2,,fins,,Q,O
2018,II,Lamna nasus,Elasmobranchii,Lamniformes,Lamnidae,Lamna,ZA,US,,,2,fins,,Q,O
2018,II,Sphyrna lewini,Elasmobranchii,Carcharhiniformes,Sphyrnidae,Sphyrna,AE,OM,,3,,fins,,E,W
2018,II,Sphyrna lewini,Elasmobranchii,Carcharhiniformes,Sphyrnidae,Sphyrna,BD,US,ZA,,3,fins,,Q,O
2018,II,Sphyrna lewini,Elasmobranchii,Carcharhiniformes,Sphyrnidae,Sphyrna,CN,MX,,,1352.13,fins,kg,T,W
2018,II,Sphyrna lewini,Elasmobranchii,Carcharhiniformes,Sphyrnidae,Sphyrna,CN,US,XX,3,,fins,,Q,O
2018,II,Sphyrna lewini,Elasmobranchii,Carcharhiniformes,Sphyrnidae,Sphyrna,CN,US,ZA,,3,fins,,Q,O
2018,II,Sphyrna lewini,Elasmobranchii,Carcharhiniformes,Sphyrnidae,Sphyrna,FJ,XX,,3,,fins,,Q,W
2018,II,Sphyrna lewini,Elasmobranchii,Carcharhiniformes,Sphyrnidae,Sphyrna,HK,AU,,,212.57,fins,kg,T,W
2018,II,Sphyrna lewini,Elasmobranchii,Carcharhiniformes,Sphyrnidae,Sphyrna,HK,KR,,900,900,fins,kg,T,W
2018,II,Sphyrna lewini,Elasmobranchii,Carcharhiniformes,Sphyrnidae,Sphyrna,HK,LK,,,950,fins,kg,T,W
2018,II,Sphyrna lewini,Elasmobranchii,Carcharhiniformes,Sphyrnidae,Sphyrna,HK,MX,,833.25,,fins,kg,T,W
2018,II,Sphyrna lewini,Elasmobranchii,Carcharhiniformes,Sphyrnidae,Sphyrna,HK,PE,,530,1130,fins,kg,T,W
2018,II,Sphyrna lewini,Elasmobranchii,Carcharhiniformes,Sphyrnidae,Sphyrna,HK,SV,,666.05,153.85,fins,kg,T,W
2018,II,Sphyrna lewini,Elasmobranchii,Carcharhiniformes,Sphyrnidae,Sphyrna,HK,SV,,,85.41,fins,,T,W
2018,II,Sphyrna lewini,Elasmobranchii,Carcharhiniformes,Sphyrnidae,Sphyrna,HK,US,ZA,,3,fins,,Q,O
2018,II,Sphyrna lewini,Elasmobranchii,Carcharhiniformes,Sphyrnidae,Sphyrna,HK,YE,,,1550,fins,kg,T,W
2018,II,Sphyrna lewini,Elasmobranchii,Carcharhiniformes,Sphyrnidae,Sphyrna,LK,US,ZA,,3,fins,,Q,O
2018,II,Sphyrna lewini,Elasmobranchii,Carcharhiniformes,Sphyrnidae,Sphyrna,PH,US,ZA,,3,fins,,Q,O
2018,II,Sphyrna lewini,Elasmobranchii,Carcharhiniformes,Sphyrnidae,Sphyrna,TW,US,ZA,,3,fins,,Q,O
2018,II,Sphyrna lewini,Elasmobranchii,Carcharhiniformes,Sphyrnidae,Sphyrna,US,BD,ZA,3,,fins,,Q,O
2018,II,Sphyrna lewini,Elasmobranchii,Carcharhiniformes,Sphyrnidae,Sphyrna,US,CN,XX,,3,fins,,Q,O
2018,II,Sphyrna lewini,Elasmobranchii,Carcharhiniformes,Sphyrnidae,Sphyrna,US,FJ,ZA,3,,fins,,Q,O
2018,II,Sphyrna lewini,Elasmobranchii,Carcharhiniformes,Sphyrnidae,Sphyrna,US,FJ,,,3,fins,,Q,W
2018,II,Sphyrna lewini,Elasmobranchii,Carcharhiniformes,Sphyrnidae,Sphyrna,US,HK,ZA,3,,fins,,Q,W
2018,II,Sphyrna lewini,Elasmobranchii,Carcharhiniformes,Sphyrnidae,Sphyrna,US,HK,ZA,3,,fins,,S,O
2018,II,Sphyrna lewini,Elasmobranchii,Carcharhiniformes,Sphyrnidae,Sphyrna,US,LK,ZA,3,,fins,,Q,O
2018,II,Sphyrna lewini,Elasmobranchii,Carcharhiniformes,Sphyrnidae,Sphyrna,US,MX,,45,,fins,,T,I
2018,II,Sphyrna lewini,Elasmobranchii,Carcharhiniformes,Sphyrnidae,Sphyrna,US,NI,,5,5,fins,kg,T,W
2018,II,Sphyrna lewini,Elasmobranchii,Carcharhiniformes,Sphyrnidae,Sphyrna,US,TT,,37,,fins,,S,I
2018,II,Sphyrna lewini,Elasmobranchii,Carcharhiniformes,Sphyrnidae,Sphyrna,US,TT,,,37,fins,,S,W
2018,II,Sphyrna lewini,Elasmobranchii,Carcharhiniformes,Sphyrnidae,Sphyrna,US,TW,ZA,3,,fins,,E,O
2018,II,Sphyrna lewini,Elasmobranchii,Carcharhiniformes,Sphyrnidae,Sphyrna,US,ZA,,3,,fins,,Q,O
2018,II,Sphyrna lewini,Elasmobranchii,Carcharhiniformes,Sphyrnidae,Sphyrna,ZA,US,ZA,,3,fins,,Q,O
2018,II,Sphyrna mokarran,Elasmobranchii,Carcharhiniformes,Sphyrnidae,Sphyrna,AE,OM,,3,,fins,,E,W
2018,II,Sphyrna mokarran,Elasmobranchii,Carcharhiniformes,Sphyrnidae,Sphyrna,BD,US,,,2,fins,,Q,O
2018,II,Sphyrna mokarran,Elasmobranchii,Carcharhiniformes,Sphyrnidae,Sphyrna,CI,GN,BJ,1,,fins,,S,W
2018,II,Sphyrna mokarran,Elasmobranchii,Carcharhiniformes,Sphyrnidae,Sphyrna,CN,MX,,,207.3,fins,kg,T,W
2018,II,Sphyrna mokarran,Elasmobranchii,Carcharhiniformes,Sphyrnidae,Sphyrna,CN,OM,,,300,fins,kg,T,W
2018,II,Sphyrna mokarran,Elasmobranchii,Carcharhiniformes,Sphyrnidae,Sphyrna,CN,US,XX,2,,fins,,Q,O
2018,II,Sphyrna mokarran,Elasmobranchii,Carcharhiniformes,Sphyrnidae,Sphyrna,CN,US,,,2,fins,,Q,O
2018,II,Sphyrna mokarran,Elasmobranchii,Carcharhiniformes,Sphyrnidae,Sphyrna,FJ,XX,,2,,fins,,Q,W
2018,II,Sphyrna mokarran,Elasmobranchii,Carcharhiniformes,Sphyrnidae,Sphyrna,GN,CI,BJ,,1,fins,,S,W
2018,II,Sphyrna mokarran,Elasmobranchii,Carcharhiniformes,Sphyrnidae,Sphyrna,HK,AU,,,435.55,fins,kg,T,W
2018,II,Sphyrna mokarran,Elasmobranchii,Carcharhiniformes,Sphyrnidae,Sphyrna,HK,SV,,231.64,178.55,fins,kg,T,W
2018,II,Sphyrna mokarran,Elasmobranchii,Carcharhiniformes,Sphyrnidae,Sphyrna,HK,US,,,2,fins,,Q,O
2018,II,Sphyrna mokarran,Elasmobranchii,Carcharhiniformes,Sphyrnidae,Sphyrna,HK,YE,,,1860,fins,kg,T,W
2018,II,Sphyrna mokarran,Elasmobranchii,Carcharhiniformes,Sphyrnidae,Sphyrna,LK,US,,,2,fins,,Q,O
2018,II,Sphyrna mokarran,Elasmobranchii,Carcharhiniformes,Sphyrnidae,Sphyrna,OM,US,XX,1,1,fins,,L,I
2018,II,Sphyrna mokarran,Elasmobranchii,Carcharhiniformes,Sphyrnidae,Sphyrna,PH,US,,,2,fins,,Q,O
2018,II,Sphyrna mokarran,Elasmobranchii,Carcharhiniformes,Sphyrnidae,Sphyrna,TW,US,,,2,fins,,Q,O
2018,II,Sphyrna mokarran,Elasmobranchii,Carcharhiniformes,Sphyrnidae,Sphyrna,US,BD,US,2,,fins,,Q,O
2018,II,Sphyrna mokarran,Elasmobranchii,Carcharhiniformes,Sphyrnidae,Sphyrna,US,CN,XX,,2,fins,,Q,O
2018,II,Sphyrna mokarran,Elasmobranchii,Carcharhiniformes,Sphyrnidae,Sphyrna,US,FJ,US,2,,fins,,Q,O
2018,II,Sphyrna mokarran,Elasmobranchii,Carcharhiniformes,Sphyrnidae,Sphyrna,US,FJ,,,2,fins,,Q,W
2018,II,Sphyrna mokarran,Elasmobranchii,Carcharhiniformes,Sphyrnidae,Sphyrna,US,HK,US,2,,fins,,Q,W
2018,II,Sphyrna mokarran,Elasmobranchii,Carcharhiniformes,Sphyrnidae,Sphyrna,US,HK,US,2,,fins,,S,O
2018,II,Sphyrna mokarran,Elasmobranchii,Carcharhiniformes,Sphyrnidae,Sphyrna,US,LK,US,2,,fins,,Q,O
2018,II,Sphyrna mokarran,Elasmobranchii,Carcharhiniformes,Sphyrnidae,Sphyrna,US,MX,,122,,fins,kg,T,I
2018,II,Sphyrna mokarran,Elasmobranchii,Carcharhiniformes,Sphyrnidae,Sphyrna,US,MX,,1,,fins,,T,I
2018,II,Sphyrna mokarran,Elasmobranchii,Carcharhiniformes,Sphyrnidae,Sphyrna,US,TW,US,2,,fins,,E,O
2018,II,Sphyrna mokarran,Elasmobranchii,Carcharhiniformes,Sphyrnidae,Sphyrna,US,ZA,US,2,,fins,,Q,O
2018,II,Sphyrna mokarran,Elasmobranchii,Carcharhiniformes,Sphyrnidae,Sphyrna,ZA,US,,,2,fins,,Q,O
2018,II,Sphyrna zygaena,Elasmobranchii,Carcharhiniformes,Sphyrnidae,Sphyrna,BJ,SN,XX,,1,fins,kg,S,W
2018,II,Sphyrna zygaena,Elasmobranchii,Carcharhiniformes,Sphyrnidae,Sphyrna,CN,MX,MX,,703,fins,kg,T,W
2018,II,Sphyrna zygaena,Elasmobranchii,Carcharhiniformes,Sphyrnidae,Sphyrna,CN,MX,,,12764.5,fins,kg,T,W
2018,II,Sphyrna zygaena,Elasmobranchii,Carcharhiniformes,Sphyrnidae,Sphyrna,CN,SN,,,970,fins,kg,T,W
2018,II,Sphyrna zygaena,Elasmobranchii,Carcharhiniformes,Sphyrnidae,Sphyrna,HK,AU,,,1.28,fins,kg,T,W
2018,II,Sphyrna zygaena,Elasmobranchii,Carcharhiniformes,Sphyrnidae,Sphyrna,HK,MX,,1821,,fins,kg,T,W
2018,II,Sphyrna zygaena,Elasmobranchii,Carcharhiniformes,Sphyrnidae,Sphyrna,HK,PE,,6426.3,11088.5,fins,kg,T,W
2018,II,Sphyrna zygaena,Elasmobranchii,Carcharhiniformes,Sphyrnidae,Sphyrna,HK,SN,,130,,fins,kg,T,W
2018,II,Sphyrna zygaena,Elasmobranchii,Carcharhiniformes,Sphyrnidae,Sphyrna,HK,SV,XX,28.5,,fins,kg,T,W
2018,II,Sphyrna zygaena,Elasmobranchii,Carcharhiniformes,Sphyrnidae,Sphyrna,HK,SV,,,24.2,fins,kg,T,W
2018,II,Sphyrna zygaena,Elasmobranchii,Carcharhiniformes,Sphyrnidae,Sphyrna,HK,YE,,,7900,fins,kg,T,W
2018,II,Sphyrna zygaena,Elasmobranchii,Carcharhiniformes,Sphyrnidae,Sphyrna,VN,PE,,,72,fins,kg,T,W
2018,II,Sphyrnidae spp.,Elasmobranchii,Carcharhiniformes,Sphyrnidae,,HK,YE,,475,475,fins,kg,T,W
2018,II,Elasmobranchii,Elasmobranchii,,,,PE,EC,,,27333.7,fins,kg,T,O
2018,II,Lamniformes spp.,Elasmobranchii,Lamniformes,,,HK,YE,,,390,fins,kg,T,W
2019,I,Pristis pristis,Elasmobranchii,Pristiformes,Pristidae,Pristis,AU,PG,,2,,fins,Number of specimens,S,W
2019,II,Acipenser baerii,Actinopteri,Acipenseriformes,Acipenseridae,Acipenser,US,FR,,6,,fins,kg,T,C
2019,II,Acipenser fulvescens,Actinopteri,Acipenseriformes,Acipenseridae,Acipenser,US,CA,,50,,fins,Number of specimens,S,W
2019,II,Alopias spp.,Elasmobranchii,Lamniformes,Alopiidae,Alopias,BH,OM,,,50,fins,kg,T,W
2019,II,Alopias spp.,Elasmobranchii,Lamniformes,Alopiidae,Alopias,CN,OM,,,1060,fins,kg,T,W
2019,II,Alopias spp.,Elasmobranchii,Lamniformes,Alopiidae,Alopias,HK,OM,,1655,,fins,kg,T,W
2019,II,Alopias spp.,Elasmobranchii,Lamniformes,Alopiidae,Alopias,HK,SV,,,90.3,fins,kg,T,C
2019,II,Alopias spp.,Elasmobranchii,Lamniformes,Alopiidae,Alopias,HK,SV,,1583.85,2521.15,fins,kg,T,W
2019,II,Alopias pelagicus,Elasmobranchii,Lamniformes,Alopiidae,Alopias,CN,MX,,,2905.94,fins,kg,T,W
2019,II,Alopias pelagicus,Elasmobranchii,Lamniformes,Alopiidae,Alopias,HK,CR,,5408.10,,fins,kg,T,W
2019,II,Alopias pelagicus,Elasmobranchii,Lamniformes,Alopiidae,Alopias,HK,CR,,,5504.15,fins,kg,,
2019,II,Alopias pelagicus,Elasmobranchii,Lamniformes,Alopiidae,Alopias,HK,EC,,17184,21079,fins,kg,T,W
2019,II,Alopias pelagicus,Elasmobranchii,Lamniformes,Alopiidae,Alopias,HK,GT,,449,,fins,kg,T,O
2019,II,Alopias pelagicus,Elasmobranchii,Lamniformes,Alopiidae,Alopias,HK,GT,,680,2166.43,fins,kg,T,W
2019,II,Alopias pelagicus,Elasmobranchii,Lamniformes,Alopiidae,Alopias,HK,MX,,394.64,,fins,kg,T,W
2019,II,Alopias pelagicus,Elasmobranchii,Lamniformes,Alopiidae,Alopias,HK,PE,EC,24875,,fins,kg,T,O
2019,II,Alopias pelagicus,Elasmobranchii,Lamniformes,Alopiidae,Alopias,PE,EC,,,53439.1,fins,kg,T,W
2019,II,Alopias pelagicus,Elasmobranchii,Lamniformes,Alopiidae,Alopias,US,NI,,45,44.7,fins,kg,T,W
2019,II,Alopias pelagicus,Elasmobranchii,Lamniformes,Alopiidae,Alopias,US,VN,LK,1,,fins,Number of specimens,Q,O
2019,II,Alopias pelagicus,Elasmobranchii,Lamniformes,Alopiidae,Alopias,VN,US,LK,,1,fins,Number of specimens,Q,O
2019,II,Alopias pelagicus,Elasmobranchii,Lamniformes,Alopiidae,Alopias,VN,US,LK,1,,fins,,Q,O
2019,II,Alopias superciliosus,Elasmobranchii,Lamniformes,Alopiidae,Alopias,CN,MX,,,55,fins,kg,T,W
2019,II,Alopias superciliosus,Elasmobranchii,Lamniformes,Alopiidae,Alopias,CN,SN,,,100,fins,kg,T,W
2019,II,Alopias superciliosus,Elasmobranchii,Lamniformes,Alopiidae,Alopias,HK,EC,,548.5,548.5,fins,kg,T,W
2019,II,Alopias superciliosus,Elasmobranchii,Lamniformes,Alopiidae,Alopias,HK,OM,,4700,7540,fins,kg,T,W
2019,II,Alopias superciliosus,Elasmobranchii,Lamniformes,Alopiidae,Alopias,HK,PE,EC,1069.5,,fins,kg,T,O
2019,II,Alopias superciliosus,Elasmobranchii,Lamniformes,Alopiidae,Alopias,PE,EC,,,4862.7,fins,kg,T,W
2019,II,Alopias superciliosus,Elasmobranchii,Lamniformes,Alopiidae,Alopias,VN,OM,,,1920,fins,kg,T,W
2019,II,Alopias superciliosus,Elasmobranchii,Lamniformes,Alopiidae,Alopias,VN,US,,,1,fins,Number of specimens,Q,O
2019,II,Alopias superciliosus,Elasmobranchii,Lamniformes,Alopiidae,Alopias,VN,US,,1,,fins,,Q,O
2019,II,Alopias vulpinus,Elasmobranchii,Lamniformes,Alopiidae,Alopias,CN,MX,,,44,fins,kg,T,W
2019,II,Alopias vulpinus,Elasmobranchii,Lamniformes,Alopiidae,Alopias,CN,SN,,,70,fins,kg,T,W
2019,II,Alopias vulpinus,Elasmobranchii,Lamniformes,Alopiidae,Alopias,HK,KR,,775,,fins,kg,T,W
2019,II,Alopias vulpinus,Elasmobranchii,Lamniformes,Alopiidae,Alopias,HK,MX,,44,,fins,kg,T,W
2019,II,Alopias vulpinus,Elasmobranchii,Lamniformes,Alopiidae,Alopias,HK,NI,,134.717,,fins,kg,T,W
2019,II,Alopias vulpinus,Elasmobranchii,Lamniformes,Alopiidae,Alopias,HK,PE,,4665,,fins,kg,T,W
2019,II,Alopias vulpinus,Elasmobranchii,Lamniformes,Alopiidae,Alopias,US,VN,US,2,,fins,Number of specimens,Q,O
2019,II,Alopias vulpinus,Elasmobranchii,Lamniformes,Alopiidae,Alopias,VN,US,,,2,fins,Number of specimens,Q,O
2019,II,Alopias vulpinus,Elasmobranchii,Lamniformes,Alopiidae,Alopias,VN,US,,2,,fins,,Q,O
2019,II,Carcharhinus falciformis,Elasmobranchii,Carcharhiniformes,Carcharhinidae,Carcharhinus,AE,KE,KE,,6,fins,,E,W
2019,II,Carcharhinus falciformis,Elasmobranchii,Carcharhiniformes,Carcharhinidae,Carcharhinus,AE,KE,OM,6,,fins,,E,W
2019,II,Carcharhinus falciformis,Elasmobranchii,Carcharhiniformes,Carcharhinidae,Carcharhinus,AE,MV,OM,6,,fins,,E,W
2019,II,Carcharhinus falciformis,Elasmobranchii,Carcharhiniformes,Carcharhinidae,Carcharhinus,CI,SN,,,1,fins,kg,E,I
2019,II,Carcharhinus falciformis,Elasmobranchii,Carcharhiniformes,Carcharhinidae,Carcharhinus,CN,MX,,,20993.40,fins,kg,T,W
2019,II,Carcharhinus falciformis,Elasmobranchii,Carcharhiniformes,Carcharhinidae,Carcharhinus,CN,OM,,,1240,fins,kg,T,W
2019,II,Carcharhinus falciformis,Elasmobranchii,Carcharhiniformes,Carcharhinidae,Carcharhinus,CN,SN,,,100,fins,kg,T,W
2019,II,Carcharhinus falciformis,Elasmobranchii,Carcharhiniformes,Carcharhinidae,Carcharhinus,HK,CR,,26547.46,,fins,kg,T,W
2019,II,Carcharhinus falciformis,Elasmobranchii,Carcharhiniformes,Carcharhinidae,Carcharhinus,HK,CR,,,29802.19,fins,kg,,
2019,II,Carcharhinus falciformis,Elasmobranchii,Carcharhiniformes,Carcharhinidae,Carcharhinus,HK,EC,,1811.5,1961.5,fins,kg,T,W
2019,II,Carcharhinus falciformis,Elasmobranchii,Carcharhiniformes,Carcharhinidae,Carcharhinus,HK,GT,,3636.2,,fins,kg,T,O
2019,II,Carcharhinus falciformis,Elasmobranchii,Carcharhiniformes,Carcharhinidae,Carcharhinus,HK,GT,,2555,19594.95,fins,kg,T,W
2019,II,Carcharhinus falciformis,Elasmobranchii,Carcharhiniformes,Carcharhinidae,Carcharhinus,HK,ID,XX,2011,,fins,kg,T,W
2019,II,Carcharhinus falciformis,Elasmobranchii,Carcharhiniformes,Carcharhinidae,Carcharhinus,HK,ID,,24060.32,,fins,kg,T,W
2019,II,Carcharhinus falciformis,Elasmobranchii,Carcharhiniformes,Carcharhinidae,Carcharhinus,HK,ID,,,61543,fins,,T,W
2019,II,Carcharhinus falciformis,Elasmobranchii,Carcharhiniformes,Carcharhinidae,Carcharhinus,HK,KR,,708,,fins,kg,T,W
2019,II,Carcharhinus falciformis,Elasmobranchii,Carcharhiniformes,Carcharhinidae,Carcharhinus,HK,LK,,1281.05,92960,fins,kg,T,W
2019,II,Carcharhinus falciformis,Elasmobranchii,Carcharhiniformes,Carcharhinidae,Carcharhinus,HK,MX,,15018.22,,fins,kg,T,W
2019,II,Carcharhinus falciformis,Elasmobranchii,Carcharhiniformes,Carcharhinidae,Carcharhinus,HK,OM,,5350.4,6021,fins,kg,T,W
2019,II,Carcharhinus falciformis,Elasmobranchii,Carcharhiniformes,Carcharhinidae,Carcharhinus,HK,OM,,,3500,fins,,T,W
2019,II,Carcharhinus falciformis,Elasmobranchii,Carcharhiniformes,Carcharhinidae,Carcharhinus,HK,PE,EC,2331.05,,fins,kg,T,O
2019,II,Carcharhinus falciformis,Elasmobranchii,Carcharhiniformes,Carcharhinidae,Carcharhinus,HK,PE,,3973,,fins,kg,T,O
2019,II,Carcharhinus falciformis,Elasmobranchii,Carcharhiniformes,Carcharhinidae,Carcharhinus,HK,PE,,8,,fins,kg,T,W
2019,II,Carcharhinus falciformis,Elasmobranchii,Carcharhiniformes,Carcharhinidae,Carcharhinus,HK,SV,,,1255.05,fins,kg,T,C
2019,II,Carcharhinus falciformis,Elasmobranchii,Carcharhiniformes,Carcharhinidae,Carcharhinus,HK,SV,,14229.38,19935.21,fins,kg,T,W
2019,II,Carcharhinus falciformis,Elasmobranchii,Carcharhiniformes,Carcharhinidae,Carcharhinus,KE,AE,OM,,6,fins,,E,W
2019,II,Carcharhinus falciformis,Elasmobranchii,Carcharhiniformes,Carcharhinidae,Carcharhinus,MV,AE,OM,,6,fins,,E,W
2019,II,Carcharhinus falciformis,Elasmobranchii,Carcharhiniformes,Carcharhinidae,Carcharhinus,MY,LK,,,1000,fins,kg,T,W
2019,II,Carcharhinus falciformis,Elasmobranchii,Carcharhiniformes,Carcharhinidae,Carcharhinus,PE,EC,,,8134.3,fins,kg,T,W
2019,II,Carcharhinus falciformis,Elasmobranchii,Carcharhiniformes,Carcharhinidae,Carcharhinus,SN,CI,,,1,fins,kg,E,I
2019,II,Carcharhinus falciformis,Elasmobranchii,Carcharhiniformes,Carcharhinidae,Carcharhinus,TO,AE,OM,,6,fins,,E,W
2019,II,Carcharhinus falciformis,Elasmobranchii,Carcharhiniformes,Carcharhinidae,Carcharhinus,US,MX,,45,,fins,kg,T,I
2019,II,Carcharhinus falciformis,Elasmobranchii,Carcharhiniformes,Carcharhinidae,Carcharhinus,US,MX,,48,,fins,Number of specimens,T,I
2019,II,Carcharhinus falciformis,Elasmobranchii,Carcharhiniformes,Carcharhinidae,Carcharhinus,US,VN,LK,3,,fins,Number of specimens,Q,O
2019,II,Carcharhinus falciformis,Elasmobranchii,Carcharhiniformes,Carcharhinidae,Carcharhinus,VN,OM,,,745,fins,kg,T,W
2019,II,Carcharhinus falciformis,Elasmobranchii,Carcharhiniformes,Carcharhinidae,Carcharhinus,VN,US,BZ,3,,fins,,Q,O
2019,II,Carcharhinus falciformis,Elasmobranchii,Carcharhiniformes,Carcharhinidae,Carcharhinus,VN,US,LK,,3,fins,Number of specimens,Q,O
2019,II,Carcharhinus longimanus,Elasmobranchii,Carcharhiniformes,Carcharhinidae,Carcharhinus,AE,KE,KE,,6,fins,,E,W
2019,II,Carcharhinus longimanus,Elasmobranchii,Carcharhiniformes,Carcharhinidae,Carcharhinus,AE,KE,OM,6,,fins,,E,W
2019,II,Carcharhinus longimanus,Elasmobranchii,Carcharhiniformes,Carcharhinidae,Carcharhinus,AE,MV,OM,6,,fins,,E,W
2019,II,Carcharhinus longimanus,Elasmobranchii,Carcharhiniformes,Carcharhinidae,Carcharhinus,CI,SN,HS,,1,fins,kg,E,I
2019,II,Carcharhinus longimanus,Elasmobranchii,Carcharhiniformes,Carcharhinidae,Carcharhinus,CN,OM,,,483,fins,kg,T,W
2019,II,Carcharhinus longimanus,Elasmobranchii,Carcharhiniformes,Carcharhinidae,Carcharhinus,CN,SN,HS,,1288,fins,kg,T,X
2019,II,Carcharhinus longimanus,Elasmobranchii,Carcharhiniformes,Carcharhinidae,Carcharhinus,HK,OM,,1737.6,1400,fins,kg,T,W
2019,II,Carcharhinus longimanus,Elasmobranchii,Carcharhiniformes,Carcharhinidae,Carcharhinus,HK,OM,,,500,fins,,T,W
2019,II,Carcharhinus longimanus,Elasmobranchii,Carcharhiniformes,Carcharhinidae,Carcharhinus,HK,SN,,150,,fins,kg,T,W
2019,II,Carcharhinus longimanus,Elasmobranchii,Carcharhiniformes,Carcharhinidae,Carcharhinus,KE,AE,OM,,6,fins,,E,W
2019,II,Carcharhinus longimanus,Elasmobranchii,Carcharhiniformes,Carcharhinidae,Carcharhinus,MV,AE,OM,,6,fins,,E,W
2019,II,Carcharhinus longimanus,Elasmobranchii,Carcharhiniformes,Carcharhinidae,Carcharhinus,SN,CI,,,1,fins,kg,E,I
2019,II,Carcharhinus longimanus,Elasmobranchii,Carcharhiniformes,Carcharhinidae,Carcharhinus,TO,AE,OM,,6,fins,,E,W
2019,II,Carcharhinus longimanus,Elasmobranchii,Carcharhiniformes,Carcharhinidae,Carcharhinus,US,MX,,25,,fins,kg,T,I
2019,II,Carcharhinus longimanus,Elasmobranchii,Carcharhiniformes,Carcharhinidae,Carcharhinus,US,VN,FJ,4,,fins,Number of specimens,Q,O
2019,II,Carcharhinus longimanus,Elasmobranchii,Carcharhiniformes,Carcharhinidae,Carcharhinus,VN,US,FJ,,4,fins,Number of specimens,Q,W
2019,II,Carcharhinus longimanus,Elasmobranchii,Carcharhiniformes,Carcharhinidae,Carcharhinus,VN,US,,4,,fins,,Q,O
2019,II,Carcharodon carcharias,Elasmobranchii,Lamniformes,Lamnidae,Carcharodon,HK,OM,,,2300,fins,kg,T,W
2019,II,Carcharodon carcharias,Elasmobranchii,Lamniformes,Lamnidae,Carcharodon,VN,OM,,,1150,fins,kg,T,W
2019,II,Isurus oxyrinchus,Elasmobranchii,Lamniformes,Lamnidae,Isurus,CN,SN,,,290,fins,kg,T,W
2019,II,Isurus oxyrinchus,Elasmobranchii,Lamniformes,Lamnidae,Isurus,HK,ES,HS,,9959.35,fins,kg,T,O
2019,II,Isurus oxyrinchus,Elasmobranchii,Lamniformes,Lamnidae,Isurus,HK,OM,,600,600,fins,kg,T,W
2019,II,Isurus oxyrinchus,Elasmobranchii,Lamniformes,Lamnidae,Isurus,HK,OM,,,900,fins,,T,W
2019,II,Isurus oxyrinchus,Elasmobranchii,Lamniformes,Lamnidae,Isurus,SG,ES,HS,,135.5,fins,kg,T,O
2019,II,Lamna nasus,Elasmobranchii,Lamniformes,Lamnidae,Lamna,HK,OM,,,24.5,fins,kg,T,W
2019,II,Lamna nasus,Elasmobranchii,Lamniformes,Lamnidae,Lamna,US,VN,US,2,,fins,Number of specimens,Q,O
2019,II,Lamna nasus,Elasmobranchii,Lamniformes,Lamnidae,Lamna,VN,US,,,2,fins,Number of specimens,Q,O
2019,II,Lamna nasus,Elasmobranchii,Lamniformes,Lamnidae,Lamna,VN,US,,2,,fins,,Q,O
2019,II,Mobula japanica,Elasmobranchii,Myliobatiformes,Myliobatidae,Mobula,HK,LK,,,630,fins,kg,T,W
2019,II,Mobula tarapacana,Elasmobranchii,Myliobatiformes,Myliobatidae,Mobula,HK,LK,,,250,fins,kg,T,W
2019,II,Sphyrna spp.,Elasmobranchii,Carcharhiniformes,Sphyrnidae,Sphyrna,HK,SV,,,238.38,fins,kg,T,W
2019,II,Sphyrna lewini,Elasmobranchii,Carcharhiniformes,Sphyrnidae,Sphyrna,AE,KE,KE,,3,fins,,E,W
2019,II,Sphyrna lewini,Elasmobranchii,Carcharhiniformes,Sphyrnidae,Sphyrna,AE,KE,OM,3,,fins,,E,W
2019,II,Sphyrna lewini,Elasmobranchii,Carcharhiniformes,Sphyrnidae,Sphyrna,AE,MV,OM,3,,fins,,E,W
2019,II,Sphyrna lewini,Elasmobranchii,Carcharhiniformes,Sphyrnidae,Sphyrna,CN,MX,,,3845.85,fins,kg,T,W
2019,II,Sphyrna lewini,Elasmobranchii,Carcharhiniformes,Sphyrnidae,Sphyrna,HK,AU,,,52.63,fins,kg,T,W
2019,II,Sphyrna lewini,Elasmobranchii,Carcharhiniformes,Sphyrnidae,Sphyrna,HK,KR,,371,,fins,kg,T,W
2019,II,Sphyrna lewini,Elasmobranchii,Carcharhiniformes,Sphyrnidae,Sphyrna,HK,LK,,,60,fins,kg,T,W
2019,II,Sphyrna lewini,Elasmobranchii,Carcharhiniformes,Sphyrnidae,Sphyrna,HK,MX,,3430.60,,fins,kg,T,W
2019,II,Sphyrna lewini,Elasmobranchii,Carcharhiniformes,Sphyrnidae,Sphyrna,HK,NI,,916.71,,fins,kg,T,W
2019,II,Sphyrna lewini,Elasmobranchii,Carcharhiniformes,Sphyrnidae,Sphyrna,HK,OM,,1139.7,1300,fins,kg,T,W
2019,II,Sphyrna lewini,Elasmobranchii,Carcharhiniformes,Sphyrnidae,Sphyrna,HK,OM,,,1500,fins,,T,W
2019,II,Sphyrna lewini,Elasmobranchii,Carcharhiniformes,Sphyrnidae,Sphyrna,HK,PE,,270,,fins,kg,T,W
2019,II,Sphyrna lewini,Elasmobranchii,Carcharhiniformes,Sphyrnidae,Sphyrna,HK,SV,,,15.4,fins,kg,T,C
2019,II,Sphyrna lewini,Elasmobranchii,Carcharhiniformes,Sphyrnidae,Sphyrna,HK,SV,,787.39,2691.21,fins,kg,T,W
2019,II,Sphyrna lewini,Elasmobranchii,Carcharhiniformes,Sphyrnidae,Sphyrna,HK,US,,,83,fins,kg,T,W
2019,II,Sphyrna lewini,Elasmobranchii,Carcharhiniformes,Sphyrnidae,Sphyrna,KE,AE,OM,,3,fins,,E,W
2019,II,Sphyrna lewini,Elasmobranchii,Carcharhiniformes,Sphyrnidae,Sphyrna,MV,AE,OM,,3,fins,,E,W
2019,II,Sphyrna lewini,Elasmobranchii,Carcharhiniformes,Sphyrnidae,Sphyrna,MX,NI,,,52,fins,kg,T,W
2019,II,Sphyrna lewini,Elasmobranchii,Carcharhiniformes,Sphyrnidae,Sphyrna,TO,AE,OM,,3,fins,,E,W
2019,II,Sphyrna lewini,Elasmobranchii,Carcharhiniformes,Sphyrnidae,Sphyrna,US,BZ,,15,,fins,Number of specimens,S,W
2019,II,Sphyrna lewini,Elasmobranchii,Carcharhiniformes,Sphyrnidae,Sphyrna,US,NI,,78,77.57,fins,kg,T,W
2019,II,Sphyrna lewini,Elasmobranchii,Carcharhiniformes,Sphyrnidae,Sphyrna,US,VN,ZA,3,,fins,Number of specimens,Q,O
2019,II,Sphyrna lewini,Elasmobranchii,Carcharhiniformes,Sphyrnidae,Sphyrna,VN,US,ZA,,3,fins,Number of specimens,Q,O
2019,II,Sphyrna lewini,Elasmobranchii,Carcharhiniformes,Sphyrnidae,Sphyrna,VN,US,,3,,fins,,Q,O
2019,II,Sphyrna mokarran,Elasmobranchii,Carcharhiniformes,Sphyrnidae,Sphyrna,AE,KE,KE,,3,fins,,E,W
2019,II,Sphyrna mokarran,Elasmobranchii,Carcharhiniformes,Sphyrnidae,Sphyrna,AE,KE,OM,3,,fins,,E,W
2019,II,Sphyrna mokarran,Elasmobranchii,Carcharhiniformes,Sphyrnidae,Sphyrna,AE,MV,OM,3,,fins,,E,W
2019,II,Sphyrna mokarran,Elasmobranchii,Carcharhiniformes,Sphyrnidae,Sphyrna,CI,SN,,,1,fins,kg,E,I
2019,II,Sphyrna mokarran,Elasmobranchii,Carcharhiniformes,Sphyrnidae,Sphyrna,CN,MX,,,1366.93,fins,kg,T,W
2019,II,Sphyrna mokarran,Elasmobranchii,Carcharhiniformes,Sphyrnidae,Sphyrna,CN,OM,,,730,fins,kg,T,W
2019,II,Sphyrna mokarran,Elasmobranchii,Carcharhiniformes,Sphyrnidae,Sphyrna,HK,AU,,,253.40,fins,kg,T,W
2019,II,Sphyrna mokarran,Elasmobranchii,Carcharhiniformes,Sphyrnidae,Sphyrna,HK,LK,,,20,fins,kg,T,W
2019,II,Sphyrna mokarran,Elasmobranchii,Carcharhiniformes,Sphyrnidae,Sphyrna,HK,MX,,1354.1,,fins,kg,T,W
2019,II,Sphyrna mokarran,Elasmobranchii,Carcharhiniformes,Sphyrnidae,Sphyrna,HK,NI,,679.4814,,fins,kg,T,W
2019,II,Sphyrna mokarran,Elasmobranchii,Carcharhiniformes,Sphyrnidae,Sphyrna,HK,OM,,730,50.5,fins,kg,T,W
2019,II,Sphyrna mokarran,Elasmobranchii,Carcharhiniformes,Sphyrnidae,Sphyrna,HK,SV,,284.35,366.25,fins,kg,T,W
2019,II,Sphyrna mokarran,Elasmobranchii,Carcharhiniformes,Sphyrnidae,Sphyrna,HK,US,,,8,fins,kg,T,W
2019,II,Sphyrna mokarran,Elasmobranchii,Carcharhiniformes,Sphyrnidae,Sphyrna,KE,AE,OM,,3,fins,,E,W
2019,II,Sphyrna mokarran,Elasmobranchii,Carcharhiniformes,Sphyrnidae,Sphyrna,MV,AE,OM,,3,fins,,E,W
2019,II,Sphyrna mokarran,Elasmobranchii,Carcharhiniformes,Sphyrnidae,Sphyrna,SN,CI,,,1,fins,kg,E,I
2019,II,Sphyrna mokarran,Elasmobranchii,Carcharhiniformes,Sphyrnidae,Sphyrna,TO,AE,OM,,3,fins,,E,W
2019,II,Sphyrna mokarran,Elasmobranchii,Carcharhiniformes,Sphyrnidae,Sphyrna,US,NI,,75,74.5,fins,kg,T,W
2019,II,Sphyrna mokarran,Elasmobranchii,Carcharhiniformes,Sphyrnidae,Sphyrna,US,VN,US,2,,fins,Number of specimens,Q,O
2019,II,Sphyrna mokarran,Elasmobranchii,Carcharhiniformes,Sphyrnidae,Sphyrna,VN,US,,,2,fins,Number of specimens,Q,O
2019,II,Sphyrna mokarran,Elasmobranchii,Carcharhiniformes,Sphyrnidae,Sphyrna,VN,US,,2,,fins,,Q,O
2019,II,Sphyrna zygaena,Elasmobranchii,Carcharhiniformes,Sphyrnidae,Sphyrna,CN,MX,,,5539.84,fins,kg,T,W
2019,II,Sphyrna zygaena,Elasmobranchii,Carcharhiniformes,Sphyrnidae,Sphyrna,CN,SN,,,1259,fins,kg,T,W
2019,II,Sphyrna zygaena,Elasmobranchii,Carcharhiniformes,Sphyrnidae,Sphyrna,HK,AU,,,1.72,fins,kg,T,W
2019,II,Sphyrna zygaena,Elasmobranchii,Carcharhiniformes,Sphyrnidae,Sphyrna,HK,MX,,3911.77,,fins,kg,T,W
2019,II,Sphyrna zygaena,Elasmobranchii,Carcharhiniformes,Sphyrnidae,Sphyrna,HK,PE,,5170.2,,fins,kg,T,W
2019,II,Sphyrna zygaena,Elasmobranchii,Carcharhiniformes,Sphyrnidae,Sphyrna,HK,SN,,100,,fins,kg,T,W
2019,II,Sphyrna zygaena,Elasmobranchii,Carcharhiniformes,Sphyrnidae,Sphyrna,HK,SV,,42.20,38.50,fins,kg,T,W
2019,II,Sphyrnidae spp.,Elasmobranchii,Carcharhiniformes,Sphyrnidae,,HK,YE,,1820,,fins,kg,T,W
